id,enter,total_agents,exit_south,exit_east,exit_north,exit_west
56,1,10,-1,-1,1,-1
95,1,49,-1,-1,8,-1
49,1,3,-1,-1,11,-1
79,1,33,-1,-1,12,-1
68,1,22,-1,-1,13,-1
84,1,38,-1,-1,13,-1
73,1,27,-1,-1,15,-1
88,1,42,-1,-1,16,-1
48,1,2,-1,-1,17,-1
94,1,48,-1,-1,17,-1
71,1,25,-1,-1,22,-1
63,1,17,-1,-1,23,-1
65,1,19,-1,-1,25,-1
96,1,50,-1,-1,26,-1
57,1,11,-1,-1,26,-1
97,1,51,-1,-1,27,-1
89,1,43,-1,-1,28,-1
70,1,24,-1,-1,30,-1
67,1,21,-1,-1,31,-1
103,15,51,-1,-1,31,-1
92,1,46,-1,-1,31,-1
82,1,36,-1,-1,32,-1
55,1,9,-1,-1,33,-1
93,1,47,-1,-1,33,-1
61,1,15,-1,-1,34,-1
62,1,16,-1,-1,35,-1
51,1,5,-1,-1,36,-1
52,1,6,-1,-1,38,-1
78,1,32,-1,-1,38,-1
59,1,13,-1,-1,40,-1
99,11,51,-1,-1,41,-1
90,1,44,-1,-1,42,-1
104,16,51,-1,-1,42,-1
98,8,51,-1,-1,43,-1
66,1,20,-1,-1,43,-1
107,22,51,-1,-1,44,-1
80,1,34,-1,-1,44,-1
85,1,39,-1,-1,45,-1
54,1,8,-1,-1,46,-1
83,1,37,-1,-1,46,-1
109,25,51,-1,-1,50,-1
128,42,51,-1,-1,51,-1
124,38,51,-1,-1,55,-1
64,1,18,-1,-1,55,-1
102,13,51,-1,-1,55,-1
50,1,4,-1,-1,55,-1
72,1,26,-1,-1,56,-1
74,1,28,-1,-1,57,-1
116,31,51,-1,-1,58,-1
101,13,51,-1,-1,60,-1
123,36,51,-1,-1,61,-1
75,1,29,-1,-1,62,-1
121,34,51,-1,-1,62,-1
127,41,51,-1,-1,64,-1
58,1,12,-1,-1,64,-1
131,43,51,-1,-1,65,-1
100,12,51,-1,-1,66,-1
86,1,40,-1,-1,69,-1
153,66,51,-1,-1,69,-1
77,1,31,-1,-1,70,-1
106,17,51,-1,-1,70,-1
87,1,41,-1,-1,72,-1
129,42,51,-1,-1,73,-1
76,1,30,-1,-1,74,-1
120,33,51,-1,-1,74,-1
156,70,51,-1,-1,75,-1
159,73,51,-1,-1,76,-1
137,50,51,-1,-1,76,-1
108,23,51,-1,-1,77,-1
47,1,1,-1,-1,77,-1
105,17,51,-1,-1,78,-1
136,46,51,-1,-1,78,-1
81,1,35,-1,-1,81,-1
125,38,51,-1,-1,81,-1
60,1,14,-1,-1,81,-1
130,43,51,-1,-1,81,-1
139,55,51,-1,-1,81,-1
147,61,51,-1,-1,81,-1
151,64,51,-1,-1,83,-1
170,81,51,-1,-1,84,-1
113,28,51,-1,-1,84,-1
91,1,45,-1,-1,85,-1
140,55,51,-1,-1,85,-1
119,33,51,-1,-1,86,-1
146,60,51,-1,-1,86,-1
122,35,51,-1,-1,87,-1
69,1,23,-1,-1,87,-1
126,40,51,-1,-1,88,-1
157,70,51,-1,-1,88,-1
53,1,7,-1,-1,88,-1
145,58,51,-1,-1,89,-1
163,76,51,-1,-1,90,-1
168,78,51,-1,-1,90,-1
148,62,51,-1,-1,91,-1
110,26,51,-1,-1,92,-1
152,65,51,-1,-1,92,-1
118,32,51,-1,-1,93,-1
115,31,51,-1,-1,93,-1
154,69,51,-1,-1,93,-1
155,69,51,-1,-1,94,-1
172,81,51,-1,-1,94,-1
135,46,51,-1,-1,95,-1
175,83,51,-1,-1,96,-1
111,26,51,-1,-1,97,-1
138,51,51,-1,-1,97,-1
192,92,51,-1,-1,97,-1
150,64,51,-1,-1,99,-1
166,77,51,-1,-1,99,-1
112,27,51,-1,-1,99,-1
162,75,51,-1,-1,100,-1
149,62,51,-1,-1,104,-1
186,88,51,-1,-1,106,-1
183,87,51,-1,-1,106,-1
177,84,51,-1,-1,107,-1
167,78,51,-1,-1,109,-1
171,81,51,-1,-1,111,-1
114,30,51,-1,-1,111,-1
178,85,51,-1,-1,111,-1
176,84,51,-1,-1,111,-1
134,45,51,-1,-1,112,-1
180,86,51,-1,-1,112,-1
215,111,51,-1,-1,112,-1
161,74,51,-1,-1,113,-1
144,57,51,-1,-1,114,-1
190,91,51,-1,-1,116,-1
143,56,51,-1,-1,116,-1
184,88,51,-1,-1,116,-1
141,55,51,-1,-1,117,-1
201,97,51,-1,-1,117,-1
225,117,51,-1,-1,118,-1
198,95,51,-1,-1,122,-1
173,81,51,-1,-1,122,-1
174,81,51,-1,-1,122,-1
209,106,51,-1,-1,123,-1
133,44,51,-1,-1,123,-1
117,31,51,-1,-1,123,-1
142,55,51,-1,-1,124,-1
202,97,51,-1,-1,124,-1
132,44,51,-1,-1,128,-1
182,87,51,-1,-1,128,-1
179,85,51,-1,-1,128,-1
194,93,51,-1,-1,130,-1
235,128,51,-1,-1,131,-1
158,72,51,-1,-1,131,-1
193,93,51,-1,-1,134,-1
204,99,51,-1,-1,135,-1
212,111,51,-1,-1,138,-1
213,111,51,-1,-1,139,-1
218,112,51,-1,-1,139,-1
219,113,51,-1,-1,141,-1
181,86,51,-1,-1,142,-1
203,99,51,-1,-1,142,-1
210,107,51,-1,-1,142,-1
234,124,51,-1,-1,142,-1
208,106,51,-1,-1,143,-1
233,124,51,-1,-1,145,-1
160,74,51,-1,-1,147,-1
240,131,51,-1,-1,147,-1
228,122,51,-1,-1,148,-1
188,90,51,-1,-1,148,-1
199,96,51,-1,-1,149,-1
231,123,51,-1,-1,150,-1
211,109,51,-1,-1,150,-1
200,97,51,-1,-1,150,-1
256,148,51,-1,-1,151,-1
164,76,51,-1,-1,151,-1
217,112,51,-1,-1,151,-1
237,128,51,-1,-1,152,-1
242,135,51,-1,-1,153,-1
169,81,51,-1,-1,153,-1
206,100,51,-1,-1,153,-1
222,116,51,-1,-1,154,-1
232,123,51,-1,-1,155,-1
185,88,51,-1,-1,155,-1
223,116,51,-1,-1,157,-1
224,117,51,-1,-1,158,-1
244,139,51,-1,-1,158,-1
245,139,51,-1,-1,158,-1
239,131,51,-1,-1,159,-1
187,89,51,-1,-1,160,-1
191,92,51,-1,-1,160,-1
255,148,51,-1,-1,160,-1
227,122,51,-1,-1,160,-1
195,93,51,-1,-1,161,-1
257,149,51,-1,-1,161,-1
279,160,51,-1,-1,162,-1
277,160,51,-1,-1,163,-1
236,128,51,-1,-1,164,-1
283,163,51,-1,-1,164,-1
196,94,51,-1,-1,164,-1
189,90,51,-1,-1,164,-1
249,142,51,-1,-1,165,-1
274,158,51,-1,-1,165,-1
230,123,51,-1,-1,166,-1
241,134,51,-1,-1,167,-1
165,77,51,-1,-1,168,-1
243,138,51,-1,-1,169,-1
238,130,51,-1,-1,169,-1
226,118,51,-1,-1,173,-1
275,159,51,-1,-1,174,-1
260,150,51,-1,-1,174,-1
285,164,51,-1,-1,175,-1
288,165,51,-1,-1,175,-1
207,104,51,-1,-1,176,-1
265,153,51,-1,-1,177,-1
205,99,51,-1,-1,177,-1
221,116,51,-1,-1,178,-1
253,147,51,-1,-1,178,-1
284,164,51,-1,-1,179,-1
287,164,51,-1,-1,180,-1
264,152,51,-1,-1,181,-1
254,147,51,-1,-1,183,-1
263,151,51,-1,-1,183,-1
214,111,51,-1,-1,184,-1
216,112,51,-1,-1,184,-1
250,142,51,-1,-1,185,-1
282,162,51,-1,-1,186,-1
290,166,51,-1,-1,187,-1
268,154,51,-1,-1,187,-1
220,114,51,-1,-1,187,-1
270,155,51,-1,-1,187,-1
314,187,51,-1,-1,188,-1
273,158,51,-1,-1,189,-1
272,158,51,-1,-1,191,-1
281,161,51,-1,-1,191,-1
305,179,51,-1,-1,192,-1
280,161,51,-1,-1,192,-1
293,169,51,-1,-1,192,-1
248,142,51,-1,-1,194,-1
251,143,51,-1,-1,196,-1
197,94,51,-1,-1,197,-1
291,167,51,-1,-1,197,-1
229,122,51,-1,-1,197,-1
318,188,51,-1,-1,198,-1
296,174,51,-1,-1,200,-1
247,142,51,-1,-1,200,-1
325,194,51,-1,-1,200,-1
259,150,51,-1,-1,200,-1
332,200,51,-1,-1,202,-1
252,145,51,-1,-1,202,-1
303,178,51,-1,-1,204,-1
269,155,51,-1,-1,205,-1
328,197,51,-1,-1,206,-1
317,187,51,-1,-1,208,-1
315,187,51,-1,-1,208,-1
304,178,51,-1,-1,209,-1
312,185,51,-1,-1,210,-1
306,180,51,-1,-1,210,-1
301,177,51,-1,-1,212,-1
297,174,51,-1,-1,214,-1
299,175,51,-1,-1,215,-1
278,160,51,-1,-1,216,-1
311,184,51,-1,-1,217,-1
246,141,51,-1,-1,218,-1
341,208,51,-1,-1,219,-1
327,197,51,-1,-1,220,-1
323,192,51,-1,-1,220,-1
262,151,51,-1,-1,221,-1
337,204,51,-1,-1,221,-1
258,150,51,-1,-1,221,-1
308,183,51,-1,-1,223,-1
319,189,51,-1,-1,225,-1
334,200,51,-1,-1,227,-1
261,151,51,-1,-1,228,-1
292,168,51,-1,-1,231,-1
322,192,51,-1,-1,231,-1
309,183,51,-1,-1,231,-1
359,227,51,-1,-1,233,-1
271,157,51,-1,-1,233,-1
335,202,51,-1,-1,234,-1
302,177,51,-1,-1,235,-1
362,231,51,-1,-1,236,-1
321,191,51,-1,-1,236,-1
336,202,51,-1,-1,237,-1
266,153,51,-1,-1,237,-1
267,153,51,-1,-1,237,-1
295,173,51,-1,-1,237,-1
276,160,51,-1,-1,238,-1
310,184,51,-1,-1,239,-1
289,165,51,-1,-1,240,-1
286,164,51,-1,-1,242,-1
294,169,51,-1,-1,242,-1
316,187,51,-1,-1,242,-1
350,218,51,-1,-1,243,-1
298,175,51,-1,-1,243,-1
331,200,51,-1,-1,244,-1
313,186,51,-1,-1,248,-1
330,198,51,-1,-1,248,-1
358,225,51,-1,-1,248,-1
348,216,51,-1,-1,248,-1
367,235,51,-1,-1,249,-1
346,214,51,-1,-1,249,-1
300,176,51,-1,-1,250,-1
340,208,51,-1,-1,250,-1
307,181,51,-1,-1,251,-1
353,220,51,-1,-1,251,-1
326,196,51,-1,-1,251,-1
376,240,51,-1,-1,253,-1
368,236,51,-1,-1,254,-1
333,200,51,-1,-1,254,-1
352,220,51,-1,-1,255,-1
329,197,51,-1,-1,255,-1
349,217,51,-1,-1,257,-1
369,236,51,-1,-1,257,-1
388,249,51,-1,-1,257,-1
345,212,51,-1,-1,258,-1
339,206,51,-1,-1,258,-1
386,248,51,-1,-1,259,-1
343,210,51,-1,-1,261,-1
391,251,51,-1,-1,262,-1
342,209,51,-1,-1,263,-1
320,191,51,-1,-1,266,-1
373,237,51,-1,-1,267,-1
403,258,51,-1,-1,267,-1
324,192,51,-1,-1,268,-1
354,221,51,-1,-1,269,-1
389,250,51,-1,-1,271,-1
356,221,51,-1,-1,271,-1
399,257,51,-1,-1,274,-1
400,257,51,-1,-1,274,-1
379,242,51,-1,-1,275,-1
378,242,51,-1,-1,277,-1
415,274,51,-1,-1,277,-1
401,257,51,-1,-1,278,-1
338,205,51,-1,-1,280,-1
363,231,51,-1,-1,280,-1
344,210,51,-1,-1,280,-1
411,268,51,-1,-1,280,-1
407,263,51,-1,-1,281,-1
390,250,51,-1,-1,282,-1
361,231,51,-1,-1,282,-1
394,253,51,-1,-1,282,-1
381,243,51,-1,-1,282,-1
365,233,51,-1,-1,283,-1
360,228,51,-1,-1,283,-1
351,219,51,-1,-1,283,-1
355,221,51,-1,-1,285,-1
410,267,51,-1,-1,285,-1
380,243,51,-1,-1,285,-1
420,278,51,-1,-1,287,-1
383,248,51,-1,-1,287,-1
385,248,51,-1,-1,287,-1
374,238,51,-1,-1,287,-1
433,285,51,-1,-1,289,-1
384,248,51,-1,-1,290,-1
427,282,51,-1,-1,290,-1
406,262,51,-1,-1,292,-1
357,223,51,-1,-1,293,-1
398,255,51,-1,-1,294,-1
370,237,51,-1,-1,294,-1
443,292,51,-1,-1,294,-1
366,234,51,-1,-1,294,-1
347,215,51,-1,-1,294,-1
422,280,51,-1,-1,295,-1
448,294,51,-1,-1,296,-1
451,296,51,-1,-1,297,-1
375,239,51,-1,-1,297,-1
371,237,51,-1,-1,298,-1
408,266,51,-1,-1,298,-1
402,258,51,-1,-1,299,-1
424,280,51,-1,-1,300,-1
413,271,51,-1,-1,301,-1
397,255,51,-1,-1,301,-1
434,285,51,-1,-1,303,-1
446,294,51,-1,-1,303,-1
387,249,51,-1,-1,303,-1
396,254,51,-1,-1,306,-1
418,277,51,-1,-1,307,-1
431,283,51,-1,-1,308,-1
423,280,51,-1,-1,309,-1
432,283,51,-1,-1,310,-1
437,287,51,-1,-1,310,-1
417,275,51,-1,-1,310,-1
444,293,51,-1,-1,311,-1
393,251,51,-1,-1,311,-1
405,261,51,-1,-1,311,-1
395,254,51,-1,-1,312,-1
364,233,51,-1,-1,312,-1
426,282,51,-1,-1,313,-1
429,282,51,-1,-1,313,-1
372,237,51,-1,-1,314,-1
382,244,51,-1,-1,315,-1
377,242,51,-1,-1,317,-1
463,306,51,-1,-1,318,-1
409,267,51,-1,-1,319,-1
421,280,51,-1,-1,319,-1
442,290,51,-1,-1,320,-1
461,303,51,-1,-1,321,-1
447,294,51,-1,-1,322,-1
452,297,51,-1,-1,322,-1
485,322,51,-1,-1,322,-1
416,274,51,-1,-1,322,-1
474,312,51,-1,-1,323,-1
457,300,51,-1,-1,323,-1
449,294,51,-1,-1,324,-1
392,251,51,-1,-1,324,-1
436,287,51,-1,-1,324,-1
472,311,51,-1,-1,328,-1
404,259,51,-1,-1,328,-1
482,319,51,-1,-1,328,-1
428,282,51,-1,-1,330,-1
441,290,51,-1,-1,330,-1
464,307,51,-1,-1,330,-1
459,301,51,-1,-1,331,-1
419,277,51,-1,-1,332,-1
455,298,51,-1,-1,332,-1
414,271,51,-1,-1,333,-1
462,303,51,-1,-1,334,-1
465,308,51,-1,-1,335,-1
496,328,51,-1,-1,335,-1
440,289,51,-1,-1,335,-1
435,285,51,-1,-1,335,-1
453,297,51,-1,-1,336,-1
502,332,51,-1,-1,336,-1
450,295,51,-1,-1,337,-1
467,310,51,-1,-1,337,-1
484,321,51,-1,-1,337,-1
493,324,51,-1,-1,337,-1
466,309,51,-1,-1,337,-1
412,269,51,-1,-1,338,-1
486,322,51,-1,-1,339,-1
468,310,51,-1,-1,341,-1
508,335,51,-1,-1,344,-1
505,335,51,-1,-1,344,-1
504,334,51,-1,-1,344,-1
425,281,51,-1,-1,344,-1
520,344,51,-1,-1,346,-1
517,339,51,-1,-1,348,-1
430,283,51,-1,-1,348,-1
438,287,51,-1,-1,349,-1
469,310,51,-1,-1,353,-1
473,312,51,-1,-1,354,-1
456,299,51,-1,-1,355,-1
495,328,51,-1,-1,356,-1
458,301,51,-1,-1,359,-1
445,294,51,-1,-1,360,-1
487,322,51,-1,-1,361,-1
475,313,51,-1,-1,362,-1
492,324,51,-1,-1,363,-1
477,314,51,-1,-1,363,-1
491,324,51,-1,-1,366,-1
500,331,51,-1,-1,367,-1
499,330,51,-1,-1,367,-1
498,330,51,-1,-1,367,-1
454,298,51,-1,-1,369,-1
483,320,51,-1,-1,369,-1
481,319,51,-1,-1,370,-1
478,315,51,-1,-1,370,-1
497,330,51,-1,-1,371,-1
476,313,51,-1,-1,373,-1
479,317,51,-1,-1,373,-1
523,346,51,-1,-1,374,-1
546,373,51,-1,-1,375,-1
527,353,51,-1,-1,376,-1
531,359,51,-1,-1,378,-1
545,371,51,-1,-1,379,-1
528,354,51,-1,-1,380,-1
460,303,51,-1,-1,380,-1
550,376,51,-1,-1,381,-1
506,335,51,-1,-1,381,-1
519,344,51,-1,-1,381,-1
503,333,51,-1,-1,382,-1
536,363,51,-1,-1,382,-1
470,311,51,-1,-1,383,-1
439,287,51,-1,-1,383,-1
512,337,51,-1,-1,385,-1
559,382,51,-1,-1,385,-1
544,370,51,-1,-1,386,-1
516,338,51,-1,-1,386,-1
510,336,51,-1,-1,390,-1
471,311,51,-1,-1,391,-1
533,361,51,-1,-1,392,-1
490,323,51,-1,-1,392,-1
534,362,51,-1,-1,392,-1
489,323,51,-1,-1,394,-1
501,332,51,-1,-1,395,-1
526,349,51,-1,-1,395,-1
539,367,51,-1,-1,396,-1
556,381,51,-1,-1,397,-1
507,335,51,-1,-1,398,-1
488,322,51,-1,-1,398,-1
530,356,51,-1,-1,400,-1
513,337,51,-1,-1,401,-1
509,336,51,-1,-1,402,-1
538,367,51,-1,-1,402,-1
537,366,51,-1,-1,403,-1
552,379,51,-1,-1,405,-1
579,401,51,-1,-1,405,-1
529,355,51,-1,-1,405,-1
511,337,51,-1,-1,406,-1
568,392,51,-1,-1,408,-1
561,383,51,-1,-1,409,-1
569,392,51,-1,-1,412,-1
494,328,51,-1,-1,413,-1
515,337,51,-1,-1,415,-1
581,402,51,-1,-1,416,-1
547,373,51,-1,-1,416,-1
524,348,51,-1,-1,416,-1
480,318,51,-1,-1,416,-1
543,370,51,-1,-1,418,-1
583,405,51,-1,-1,419,-1
521,344,51,-1,-1,420,-1
535,363,51,-1,-1,420,-1
541,369,51,-1,-1,421,-1
532,360,51,-1,-1,421,-1
597,419,51,-1,-1,421,-1
514,337,51,-1,-1,422,-1
540,367,51,-1,-1,423,-1
542,369,51,-1,-1,424,-1
592,416,51,-1,-1,424,-1
548,374,51,-1,-1,425,-1
566,390,51,-1,-1,426,-1
589,412,51,-1,-1,428,-1
588,409,51,-1,-1,431,-1
560,383,51,-1,-1,431,-1
518,341,51,-1,-1,432,-1
564,386,51,-1,-1,433,-1
522,344,51,-1,-1,433,-1
555,381,51,-1,-1,434,-1
554,380,51,-1,-1,434,-1
594,416,51,-1,-1,435,-1
584,405,51,-1,-1,436,-1
610,431,51,-1,-1,436,-1
525,348,51,-1,-1,436,-1
575,397,51,-1,-1,437,-1
558,382,51,-1,-1,437,-1
585,405,51,-1,-1,439,-1
621,437,51,-1,-1,440,-1
570,392,51,-1,-1,442,-1
565,386,51,-1,-1,443,-1
553,380,51,-1,-1,444,-1
590,413,51,-1,-1,444,-1
572,395,51,-1,-1,444,-1
593,416,51,-1,-1,445,-1
563,385,51,-1,-1,446,-1
591,415,51,-1,-1,447,-1
607,425,51,-1,-1,448,-1
571,394,51,-1,-1,449,-1
629,444,51,-1,-1,449,-1
602,421,51,-1,-1,450,-1
587,408,51,-1,-1,450,-1
582,403,51,-1,-1,451,-1
628,444,51,-1,-1,451,-1
557,381,51,-1,-1,452,-1
623,439,51,-1,-1,452,-1
574,396,51,-1,-1,455,-1
562,385,51,-1,-1,456,-1
595,416,51,-1,-1,457,-1
624,440,51,-1,-1,460,-1
612,432,51,-1,-1,463,-1
549,375,51,-1,-1,463,-1
586,406,51,-1,-1,464,-1
600,421,51,-1,-1,466,-1
611,431,51,-1,-1,466,-1
551,378,51,-1,-1,467,-1
606,424,51,-1,-1,467,-1
622,437,51,-1,-1,469,-1
609,428,51,-1,-1,470,-1
614,433,51,-1,-1,470,-1
655,470,51,-1,-1,471,-1
617,435,51,-1,-1,471,-1
636,450,51,-1,-1,471,-1
578,400,51,-1,-1,472,-1
656,471,51,-1,-1,473,-1
576,398,51,-1,-1,473,-1
620,436,51,-1,-1,474,-1
630,445,51,-1,-1,474,-1
635,449,51,-1,-1,477,-1
580,402,51,-1,-1,477,-1
573,395,51,-1,-1,478,-1
577,398,51,-1,-1,479,-1
603,422,51,-1,-1,479,-1
640,452,51,-1,-1,479,-1
596,418,51,-1,-1,479,-1
567,391,51,-1,-1,480,-1
625,442,51,-1,-1,481,-1
619,436,51,-1,-1,481,-1
604,423,51,-1,-1,482,-1
665,477,51,-1,-1,482,-1
616,434,51,-1,-1,483,-1
605,424,51,-1,-1,483,-1
648,464,51,-1,-1,484,-1
644,457,51,-1,-1,484,-1
652,467,51,-1,-1,484,-1
637,450,51,-1,-1,485,-1
654,470,51,-1,-1,486,-1
670,479,51,-1,-1,488,-1
669,479,51,-1,-1,488,-1
662,474,51,-1,-1,490,-1
671,480,51,-1,-1,490,-1
601,421,51,-1,-1,492,-1
646,463,51,-1,-1,492,-1
645,460,51,-1,-1,497,-1
615,434,51,-1,-1,497,-1
682,486,51,-1,-1,498,-1
639,451,51,-1,-1,498,-1
686,490,51,-1,-1,499,-1
608,426,51,-1,-1,500,-1
650,466,51,-1,-1,500,-1
598,420,51,-1,-1,500,-1
666,478,51,-1,-1,502,-1
661,473,51,-1,-1,503,-1
677,483,51,-1,-1,503,-1
668,479,51,-1,-1,506,-1
643,456,51,-1,-1,508,-1
613,433,51,-1,-1,508,-1
696,500,51,-1,-1,509,-1
642,455,51,-1,-1,509,-1
675,482,51,-1,-1,510,-1
693,499,51,-1,-1,513,-1
599,420,51,-1,-1,514,-1
631,446,51,-1,-1,515,-1
672,481,51,-1,-1,515,-1
660,473,51,-1,-1,515,-1
632,447,51,-1,-1,516,-1
653,469,51,-1,-1,519,-1
626,443,51,-1,-1,520,-1
633,448,51,-1,-1,520,-1
657,471,51,-1,-1,521,-1
638,451,51,-1,-1,521,-1
641,452,51,-1,-1,522,-1
717,522,51,-1,-1,522,-1
634,449,51,-1,-1,523,-1
627,444,51,-1,-1,524,-1
705,510,51,-1,-1,525,-1
676,483,51,-1,-1,527,-1
659,472,51,-1,-1,527,-1
649,466,51,-1,-1,527,-1
720,524,51,-1,-1,527,-1
618,436,51,-1,-1,529,-1
709,515,51,-1,-1,529,-1
679,484,51,-1,-1,529,-1
699,503,51,-1,-1,529,-1
726,529,51,-1,-1,530,-1
667,479,51,-1,-1,530,-1
680,484,51,-1,-1,531,-1
703,509,51,-1,-1,532,-1
673,481,51,-1,-1,533,-1
690,497,51,-1,-1,533,-1
658,471,51,-1,-1,533,-1
664,477,51,-1,-1,534,-1
688,492,51,-1,-1,534,-1
685,490,51,-1,-1,535,-1
681,485,51,-1,-1,536,-1
724,527,51,-1,-1,536,-1
700,506,51,-1,-1,537,-1
694,500,51,-1,-1,537,-1
691,498,51,-1,-1,537,-1
683,488,51,-1,-1,538,-1
651,467,51,-1,-1,538,-1
744,537,51,-1,-1,538,-1
692,498,51,-1,-1,538,-1
689,497,51,-1,-1,540,-1
695,500,51,-1,-1,542,-1
736,533,51,-1,-1,544,-1
722,527,51,-1,-1,545,-1
712,519,51,-1,-1,545,-1
687,492,51,-1,-1,545,-1
707,514,51,-1,-1,545,-1
750,542,51,-1,-1,546,-1
647,463,51,-1,-1,546,-1
731,530,51,-1,-1,548,-1
684,488,51,-1,-1,548,-1
663,474,51,-1,-1,548,-1
752,545,51,-1,-1,548,-1
749,540,51,-1,-1,549,-1
745,538,51,-1,-1,552,-1
719,523,51,-1,-1,553,-1
674,482,51,-1,-1,553,-1
728,529,51,-1,-1,554,-1
727,529,51,-1,-1,554,-1
738,534,51,-1,-1,554,-1
718,522,51,-1,-1,555,-1
678,484,51,-1,-1,556,-1
723,527,51,-1,-1,558,-1
754,545,51,-1,-1,558,-1
743,537,51,-1,-1,558,-1
768,554,51,-1,-1,558,-1
741,536,51,-1,-1,559,-1
716,521,51,-1,-1,560,-1
774,558,51,-1,-1,560,-1
698,503,51,-1,-1,561,-1
747,538,51,-1,-1,561,-1
737,534,51,-1,-1,561,-1
711,516,51,-1,-1,561,-1
763,552,51,-1,-1,563,-1
748,538,51,-1,-1,563,-1
706,513,51,-1,-1,563,-1
758,548,51,-1,-1,564,-1
785,564,51,-1,-1,566,-1
734,533,51,-1,-1,567,-1
714,520,51,-1,-1,567,-1
721,525,51,-1,-1,570,-1
713,520,51,-1,-1,570,-1
733,532,51,-1,-1,571,-1
730,530,51,-1,-1,571,-1
746,538,51,-1,-1,571,-1
790,570,51,-1,-1,572,-1
766,554,51,-1,-1,572,-1
704,509,51,-1,-1,572,-1
725,527,51,-1,-1,573,-1
782,563,51,-1,-1,574,-1
701,508,51,-1,-1,575,-1
708,515,51,-1,-1,576,-1
764,553,51,-1,-1,578,-1
735,533,51,-1,-1,578,-1
797,573,51,-1,-1,580,-1
775,559,51,-1,-1,583,-1
783,563,51,-1,-1,583,-1
787,567,51,-1,-1,584,-1
788,567,51,-1,-1,585,-1
702,508,51,-1,-1,585,-1
761,548,51,-1,-1,586,-1
777,560,51,-1,-1,586,-1
771,558,51,-1,-1,586,-1
697,502,51,-1,-1,586,-1
756,546,51,-1,-1,587,-1
770,556,51,-1,-1,588,-1
778,561,51,-1,-1,588,-1
751,544,51,-1,-1,588,-1
759,548,51,-1,-1,588,-1
779,561,51,-1,-1,589,-1
807,585,51,-1,-1,590,-1
784,563,51,-1,-1,590,-1
818,589,51,-1,-1,592,-1
753,545,51,-1,-1,592,-1
732,531,51,-1,-1,593,-1
812,586,51,-1,-1,593,-1
789,570,51,-1,-1,594,-1
799,575,51,-1,-1,594,-1
802,578,51,-1,-1,597,-1
710,515,51,-1,-1,598,-1
772,558,51,-1,-1,598,-1
762,549,51,-1,-1,598,-1
740,536,51,-1,-1,599,-1
801,578,51,-1,-1,599,-1
804,583,51,-1,-1,603,-1
808,585,51,-1,-1,604,-1
769,555,51,-1,-1,604,-1
833,603,51,-1,-1,604,-1
739,535,51,-1,-1,605,-1
813,587,51,-1,-1,605,-1
715,521,51,-1,-1,607,-1
805,583,51,-1,-1,608,-1
822,592,51,-1,-1,609,-1
825,594,51,-1,-1,610,-1
817,588,51,-1,-1,611,-1
781,561,51,-1,-1,612,-1
803,580,51,-1,-1,613,-1
798,574,51,-1,-1,613,-1
843,611,51,-1,-1,614,-1
820,590,51,-1,-1,614,-1
811,586,51,-1,-1,614,-1
800,576,51,-1,-1,615,-1
757,546,51,-1,-1,615,-1
765,553,51,-1,-1,615,-1
773,558,51,-1,-1,616,-1
791,571,51,-1,-1,616,-1
729,529,51,-1,-1,617,-1
760,548,51,-1,-1,618,-1
806,584,51,-1,-1,619,-1
767,554,51,-1,-1,620,-1
816,588,51,-1,-1,622,-1
844,612,51,-1,-1,622,-1
814,588,51,-1,-1,622,-1
847,614,51,-1,-1,622,-1
776,560,51,-1,-1,623,-1
796,572,51,-1,-1,623,-1
794,572,51,-1,-1,624,-1
780,561,51,-1,-1,626,-1
855,617,51,-1,-1,627,-1
793,571,51,-1,-1,627,-1
742,537,51,-1,-1,628,-1
823,593,51,-1,-1,628,-1
810,586,51,-1,-1,628,-1
828,598,51,-1,-1,629,-1
845,613,51,-1,-1,629,-1
857,619,51,-1,-1,629,-1
840,608,51,-1,-1,630,-1
841,609,51,-1,-1,630,-1
861,622,51,-1,-1,631,-1
875,630,51,-1,-1,632,-1
792,571,51,-1,-1,632,-1
826,594,51,-1,-1,632,-1
821,592,51,-1,-1,633,-1
838,605,51,-1,-1,635,-1
819,590,51,-1,-1,635,-1
867,627,51,-1,-1,636,-1
862,622,51,-1,-1,636,-1
834,604,51,-1,-1,638,-1
827,597,51,-1,-1,648,-1
831,599,51,-1,-1,649,-1
755,545,51,-1,-1,651,-1
884,636,51,-1,-1,652,-1
873,629,51,-1,-1,652,-1
890,652,51,-1,-1,652,-1
786,566,51,-1,-1,652,-1
836,604,51,-1,-1,653,-1
859,622,51,-1,-1,654,-1
848,614,51,-1,-1,654,-1
869,628,51,-1,-1,655,-1
809,586,51,-1,-1,656,-1
824,593,51,-1,-1,656,-1
852,615,51,-1,-1,656,-1
829,598,51,-1,-1,656,-1
830,598,51,-1,-1,656,-1
837,605,51,-1,-1,657,-1
878,632,51,-1,-1,657,-1
872,629,51,-1,-1,658,-1
893,652,51,-1,-1,660,-1
832,599,51,-1,-1,660,-1
815,588,51,-1,-1,662,-1
858,620,51,-1,-1,662,-1
865,624,51,-1,-1,663,-1
910,663,51,-1,-1,664,-1
864,623,51,-1,-1,666,-1
880,632,51,-1,-1,666,-1
842,610,51,-1,-1,667,-1
883,635,51,-1,-1,667,-1
911,664,51,-1,-1,667,-1
854,616,51,-1,-1,669,-1
908,662,51,-1,-1,669,-1
835,604,51,-1,-1,669,-1
839,607,51,-1,-1,670,-1
899,656,51,-1,-1,670,-1
866,626,51,-1,-1,672,-1
876,630,51,-1,-1,673,-1
850,615,51,-1,-1,674,-1
856,618,51,-1,-1,675,-1
902,656,51,-1,-1,675,-1
898,656,51,-1,-1,675,-1
881,633,51,-1,-1,676,-1
889,651,51,-1,-1,676,-1
863,623,51,-1,-1,676,-1
849,614,51,-1,-1,676,-1
860,622,51,-1,-1,677,-1
851,615,51,-1,-1,683,-1
795,572,51,-1,-1,683,-1
868,627,51,-1,-1,683,-1
900,656,51,-1,-1,684,-1
891,652,51,-1,-1,688,-1
853,616,51,-1,-1,688,-1
919,669,51,-1,-1,688,-1
906,660,51,-1,-1,688,-1
903,657,51,-1,-1,688,-1
921,670,51,-1,-1,689,-1
932,677,51,-1,-1,690,-1
870,628,51,-1,-1,691,-1
887,648,51,-1,-1,691,-1
877,631,51,-1,-1,693,-1
917,669,51,-1,-1,693,-1
879,632,51,-1,-1,693,-1
942,689,51,-1,-1,695,-1
886,638,51,-1,-1,696,-1
907,660,51,-1,-1,696,-1
934,683,51,-1,-1,697,-1
928,676,51,-1,-1,697,-1
904,657,51,-1,-1,699,-1
941,688,51,-1,-1,700,-1
894,653,51,-1,-1,701,-1
951,696,51,-1,-1,702,-1
888,649,51,-1,-1,702,-1
892,652,51,-1,-1,702,-1
846,613,51,-1,-1,703,-1
920,670,51,-1,-1,703,-1
937,688,51,-1,-1,703,-1
933,683,51,-1,-1,705,-1
885,636,51,-1,-1,705,-1
929,676,51,-1,-1,708,-1
895,654,51,-1,-1,708,-1
905,658,51,-1,-1,710,-1
871,628,51,-1,-1,710,-1
948,693,51,-1,-1,711,-1
916,667,51,-1,-1,712,-1
897,655,51,-1,-1,712,-1
914,667,51,-1,-1,713,-1
971,712,51,-1,-1,713,-1
909,662,51,-1,-1,714,-1
882,635,51,-1,-1,715,-1
915,667,51,-1,-1,716,-1
931,676,51,-1,-1,717,-1
949,695,51,-1,-1,718,-1
960,703,51,-1,-1,718,-1
923,673,51,-1,-1,721,-1
924,674,51,-1,-1,723,-1
874,629,51,-1,-1,723,-1
967,710,51,-1,-1,724,-1
977,717,51,-1,-1,724,-1
936,684,51,-1,-1,724,-1
964,705,51,-1,-1,725,-1
918,669,51,-1,-1,725,-1
969,711,51,-1,-1,725,-1
981,723,51,-1,-1,725,-1
912,666,51,-1,-1,725,-1
940,688,51,-1,-1,725,-1
959,702,51,-1,-1,726,-1
980,721,51,-1,-1,728,-1
925,675,51,-1,-1,728,-1
965,708,51,-1,-1,729,-1
930,676,51,-1,-1,729,-1
913,666,51,-1,-1,729,-1
896,654,51,-1,-1,730,-1
954,699,51,-1,-1,730,-1
926,675,51,-1,-1,731,-1
901,656,51,-1,-1,732,-1
978,718,51,-1,-1,732,-1
987,725,51,-1,-1,733,-1
947,693,51,-1,-1,733,-1
943,690,51,-1,-1,734,-1
927,675,51,-1,-1,734,-1
974,714,51,-1,-1,735,-1
979,718,51,-1,-1,735,-1
953,697,51,-1,-1,736,-1
973,713,51,-1,-1,737,-1
935,683,51,-1,-1,737,-1
950,696,51,-1,-1,739,-1
1004,733,51,-1,-1,739,-1
962,703,51,-1,-1,740,-1
983,724,51,-1,-1,740,-1
986,725,51,-1,-1,741,-1
992,726,51,-1,-1,742,-1
945,691,51,-1,-1,743,-1
1003,733,51,-1,-1,746,-1
1000,731,51,-1,-1,747,-1
938,688,51,-1,-1,747,-1
952,697,51,-1,-1,750,-1
958,702,51,-1,-1,750,-1
922,672,51,-1,-1,750,-1
982,723,51,-1,-1,751,-1
1017,742,51,-1,-1,751,-1
944,691,51,-1,-1,752,-1
956,701,51,-1,-1,754,-1
1007,735,51,-1,-1,756,-1
999,730,51,-1,-1,756,-1
946,693,51,-1,-1,757,-1
997,729,51,-1,-1,758,-1
955,700,51,-1,-1,759,-1
1024,750,51,-1,-1,760,-1
1019,746,51,-1,-1,762,-1
995,729,51,-1,-1,763,-1
1012,739,51,-1,-1,763,-1
1001,732,51,-1,-1,763,-1
1025,751,51,-1,-1,767,-1
1030,756,51,-1,-1,767,-1
968,710,51,-1,-1,768,-1
1027,752,51,-1,-1,768,-1
1014,740,51,-1,-1,769,-1
998,730,51,-1,-1,770,-1
963,705,51,-1,-1,770,-1
975,715,51,-1,-1,770,-1
970,712,51,-1,-1,771,-1
972,713,51,-1,-1,771,-1
1028,754,51,-1,-1,772,-1
1020,747,51,-1,-1,772,-1
1034,760,51,-1,-1,772,-1
984,724,51,-1,-1,772,-1
985,724,51,-1,-1,775,-1
939,688,51,-1,-1,775,-1
957,702,51,-1,-1,776,-1
1016,741,51,-1,-1,776,-1
989,725,51,-1,-1,777,-1
966,708,51,-1,-1,778,-1
990,725,51,-1,-1,780,-1
1015,740,51,-1,-1,780,-1
1002,732,51,-1,-1,781,-1
1013,739,51,-1,-1,782,-1
1011,737,51,-1,-1,782,-1
976,716,51,-1,-1,784,-1
1008,735,51,-1,-1,784,-1
961,703,51,-1,-1,786,-1
1018,743,51,-1,-1,792,-1
1031,757,51,-1,-1,793,-1
1005,734,51,-1,-1,794,-1
1009,736,51,-1,-1,796,-1
993,728,51,-1,-1,797,-1
996,729,51,-1,-1,797,-1
1032,758,51,-1,-1,797,-1
1051,772,51,-1,-1,798,-1
1049,772,51,-1,-1,798,-1
1059,780,51,-1,-1,799,-1
988,725,51,-1,-1,799,-1
1061,781,51,-1,-1,799,-1
991,725,51,-1,-1,799,-1
1010,737,51,-1,-1,800,-1
1041,768,51,-1,-1,800,-1
1078,799,51,-1,-1,801,-1
1046,770,51,-1,-1,802,-1
1076,799,51,-1,-1,803,-1
1038,763,51,-1,-1,803,-1
1053,775,51,-1,-1,803,-1
1029,756,51,-1,-1,804,-1
1026,751,51,-1,-1,804,-1
1079,799,51,-1,-1,804,-1
1075,798,51,-1,-1,805,-1
1065,784,51,-1,-1,807,-1
1087,804,51,-1,-1,809,-1
1039,767,51,-1,-1,810,-1
994,728,51,-1,-1,810,-1
1043,769,51,-1,-1,811,-1
1071,797,51,-1,-1,811,-1
1074,798,51,-1,-1,814,-1
1044,770,51,-1,-1,815,-1
1022,750,51,-1,-1,816,-1
1058,778,51,-1,-1,817,-1
1040,767,51,-1,-1,817,-1
1077,799,51,-1,-1,817,-1
1037,763,51,-1,-1,817,-1
1062,782,51,-1,-1,818,-1
1048,771,51,-1,-1,819,-1
1021,747,51,-1,-1,820,-1
1080,800,51,-1,-1,821,-1
1082,801,51,-1,-1,821,-1
1045,770,51,-1,-1,822,-1
1056,776,51,-1,-1,822,-1
1066,786,51,-1,-1,823,-1
1102,817,51,-1,-1,824,-1
1098,815,51,-1,-1,825,-1
1057,777,51,-1,-1,826,-1
1069,794,51,-1,-1,826,-1
1085,803,51,-1,-1,827,-1
1047,771,51,-1,-1,827,-1
1115,826,51,-1,-1,827,-1
1067,792,51,-1,-1,828,-1
1064,784,51,-1,-1,829,-1
1060,780,51,-1,-1,829,-1
1042,768,51,-1,-1,830,-1
1072,797,51,-1,-1,833,-1
1050,772,51,-1,-1,834,-1
1111,823,51,-1,-1,835,-1
1036,763,51,-1,-1,835,-1
1083,802,51,-1,-1,835,-1
1052,772,51,-1,-1,836,-1
1006,734,51,-1,-1,837,-1
1033,759,51,-1,-1,837,-1
1097,814,51,-1,-1,837,-1
1088,804,51,-1,-1,838,-1
1096,811,51,-1,-1,838,-1
1110,822,51,-1,-1,840,-1
1070,796,51,-1,-1,840,-1
1131,837,51,-1,-1,842,-1
1054,775,51,-1,-1,842,-1
1100,817,51,-1,-1,844,-1
1063,782,51,-1,-1,844,-1
1055,776,51,-1,-1,844,-1
1112,824,51,-1,-1,845,-1
1068,793,51,-1,-1,845,-1
1081,800,51,-1,-1,846,-1
1109,822,51,-1,-1,846,-1
1089,804,51,-1,-1,848,-1
1090,805,51,-1,-1,848,-1
1128,836,51,-1,-1,849,-1
1035,762,51,-1,-1,849,-1
1023,750,51,-1,-1,850,-1
1134,840,51,-1,-1,853,-1
1124,834,51,-1,-1,859,-1
1101,817,51,-1,-1,859,-1
1094,810,51,-1,-1,861,-1
1091,807,51,-1,-1,862,-1
1148,849,51,-1,-1,865,-1
1092,809,51,-1,-1,865,-1
1105,819,51,-1,-1,866,-1
1084,803,51,-1,-1,866,-1
1132,838,51,-1,-1,866,-1
1093,810,51,-1,-1,866,-1
1138,844,51,-1,-1,867,-1
1127,835,51,-1,-1,867,-1
1125,835,51,-1,-1,868,-1
1104,818,51,-1,-1,868,-1
1106,820,51,-1,-1,869,-1
1073,797,51,-1,-1,870,-1
1120,829,51,-1,-1,872,-1
1142,845,51,-1,-1,872,-1
1122,830,51,-1,-1,873,-1
1166,870,51,-1,-1,873,-1
1150,853,51,-1,-1,873,-1
1108,821,51,-1,-1,875,-1
1117,827,51,-1,-1,877,-1
1152,859,51,-1,-1,878,-1
1141,845,51,-1,-1,879,-1
1143,846,51,-1,-1,880,-1
1121,829,51,-1,-1,880,-1
1099,816,51,-1,-1,880,-1
1119,828,51,-1,-1,880,-1
1136,842,51,-1,-1,882,-1
1133,838,51,-1,-1,884,-1
1116,827,51,-1,-1,884,-1
1137,842,51,-1,-1,884,-1
1170,873,51,-1,-1,886,-1
1177,880,51,-1,-1,886,-1
1114,826,51,-1,-1,888,-1
1130,837,51,-1,-1,890,-1
1129,837,51,-1,-1,891,-1
1103,817,51,-1,-1,891,-1
1163,868,51,-1,-1,891,-1
1113,825,51,-1,-1,892,-1
1095,811,51,-1,-1,893,-1
1118,827,51,-1,-1,894,-1
1126,835,51,-1,-1,894,-1
1086,803,51,-1,-1,895,-1
1107,821,51,-1,-1,895,-1
1168,872,51,-1,-1,895,-1
1157,866,51,-1,-1,897,-1
1156,865,51,-1,-1,899,-1
1145,848,51,-1,-1,899,-1
1176,880,51,-1,-1,900,-1
1149,850,51,-1,-1,900,-1
1182,884,51,-1,-1,901,-1
1173,877,51,-1,-1,901,-1
1139,844,51,-1,-1,903,-1
1144,846,51,-1,-1,903,-1
1161,867,51,-1,-1,903,-1
1154,862,51,-1,-1,903,-1
1159,866,51,-1,-1,904,-1
1207,903,51,-1,-1,906,-1
1165,869,51,-1,-1,906,-1
1175,879,51,-1,-1,906,-1
1193,894,51,-1,-1,906,-1
1140,844,51,-1,-1,908,-1
1178,880,51,-1,-1,908,-1
1147,849,51,-1,-1,908,-1
1180,882,51,-1,-1,909,-1
1174,878,51,-1,-1,910,-1
1192,893,51,-1,-1,910,-1
1164,868,51,-1,-1,911,-1
1135,840,51,-1,-1,914,-1
1169,873,51,-1,-1,917,-1
1200,899,51,-1,-1,917,-1
1199,899,51,-1,-1,918,-1
1151,859,51,-1,-1,918,-1
1187,890,51,-1,-1,919,-1
1189,891,51,-1,-1,919,-1
1158,866,51,-1,-1,922,-1
1171,873,51,-1,-1,922,-1
1172,875,51,-1,-1,923,-1
1160,866,51,-1,-1,923,-1
1215,908,51,-1,-1,924,-1
1153,861,51,-1,-1,925,-1
1185,886,51,-1,-1,927,-1
1198,897,51,-1,-1,927,-1
1146,848,51,-1,-1,929,-1
1155,865,51,-1,-1,930,-1
1210,906,51,-1,-1,933,-1
1204,901,51,-1,-1,935,-1
1227,919,51,-1,-1,935,-1
1211,906,51,-1,-1,937,-1
1232,924,51,-1,-1,937,-1
1195,895,51,-1,-1,937,-1
1223,917,51,-1,-1,937,-1
1183,884,51,-1,-1,938,-1
1194,894,51,-1,-1,939,-1
1246,939,51,-1,-1,939,-1
1196,895,51,-1,-1,939,-1
1184,886,51,-1,-1,941,-1
1221,914,51,-1,-1,942,-1
1188,891,51,-1,-1,942,-1
1224,918,51,-1,-1,943,-1
1216,908,51,-1,-1,943,-1
1217,909,51,-1,-1,943,-1
1209,904,51,-1,-1,945,-1
1242,937,51,-1,-1,946,-1
1191,892,51,-1,-1,947,-1
1235,927,51,-1,-1,947,-1
1186,888,51,-1,-1,949,-1
1237,930,51,-1,-1,950,-1
1123,833,51,-1,-1,952,-1
1212,906,51,-1,-1,952,-1
1202,900,51,-1,-1,952,-1
1243,937,51,-1,-1,953,-1
1239,935,51,-1,-1,954,-1
1225,918,51,-1,-1,955,-1
1229,922,51,-1,-1,956,-1
1258,947,51,-1,-1,956,-1
1179,880,51,-1,-1,956,-1
1244,937,51,-1,-1,957,-1
1220,911,51,-1,-1,958,-1
1203,901,51,-1,-1,958,-1
1214,908,51,-1,-1,958,-1
1201,900,51,-1,-1,959,-1
1228,922,51,-1,-1,959,-1
1274,959,51,-1,-1,960,-1
1226,919,51,-1,-1,961,-1
1162,867,51,-1,-1,962,-1
1236,929,51,-1,-1,963,-1
1205,903,51,-1,-1,965,-1
1218,910,51,-1,-1,965,-1
1269,956,51,-1,-1,966,-1
1245,938,51,-1,-1,967,-1
1206,903,51,-1,-1,967,-1
1190,891,51,-1,-1,968,-1
1256,946,51,-1,-1,969,-1
1181,884,51,-1,-1,969,-1
1231,923,51,-1,-1,970,-1
1261,952,51,-1,-1,971,-1
1253,943,51,-1,-1,972,-1
1219,910,51,-1,-1,973,-1
1167,872,51,-1,-1,973,-1
1247,939,51,-1,-1,974,-1
1277,961,51,-1,-1,974,-1
1278,962,51,-1,-1,976,-1
1233,925,51,-1,-1,979,-1
1282,966,51,-1,-1,981,-1
1270,957,51,-1,-1,981,-1
1254,943,51,-1,-1,982,-1
1213,906,51,-1,-1,983,-1
1238,933,51,-1,-1,983,-1
1260,950,51,-1,-1,984,-1
1197,895,51,-1,-1,984,-1
1267,956,51,-1,-1,984,-1
1289,971,51,-1,-1,985,-1
1295,976,51,-1,-1,985,-1
1281,965,51,-1,-1,986,-1
1257,947,51,-1,-1,987,-1
1262,952,51,-1,-1,988,-1
1230,923,51,-1,-1,989,-1
1300,983,51,-1,-1,991,-1
1308,987,51,-1,-1,991,-1
1296,979,51,-1,-1,994,-1
1249,941,51,-1,-1,994,-1
1272,958,51,-1,-1,995,-1
1266,955,51,-1,-1,996,-1
1255,945,51,-1,-1,996,-1
1302,984,51,-1,-1,997,-1
1251,942,51,-1,-1,997,-1
1290,972,51,-1,-1,998,-1
1305,985,51,-1,-1,999,-1
1271,958,51,-1,-1,999,-1
1263,952,51,-1,-1,1002,-1
1303,984,51,-1,-1,1003,-1
1234,927,51,-1,-1,1003,-1
1279,963,51,-1,-1,1004,-1
1298,981,51,-1,-1,1004,-1
1265,954,51,-1,-1,1004,-1
1268,956,51,-1,-1,1005,-1
1291,973,51,-1,-1,1006,-1
1327,1004,51,-1,-1,1006,-1
1240,935,51,-1,-1,1007,-1
1250,942,51,-1,-1,1007,-1
1321,999,51,-1,-1,1008,-1
1284,967,51,-1,-1,1008,-1
1301,983,51,-1,-1,1008,-1
1326,1004,51,-1,-1,1009,-1
1208,903,51,-1,-1,1009,-1
1310,989,51,-1,-1,1011,-1
1292,973,51,-1,-1,1012,-1
1273,958,51,-1,-1,1012,-1
1339,1011,51,-1,-1,1013,-1
1285,968,51,-1,-1,1013,-1
1311,991,51,-1,-1,1013,-1
1344,1013,51,-1,-1,1014,-1
1252,943,51,-1,-1,1015,-1
1314,994,51,-1,-1,1015,-1
1287,969,51,-1,-1,1016,-1
1297,981,51,-1,-1,1017,-1
1222,917,51,-1,-1,1017,-1
1336,1008,51,-1,-1,1018,-1
1324,1003,51,-1,-1,1018,-1
1330,1006,51,-1,-1,1018,-1
1306,985,51,-1,-1,1019,-1
1241,937,51,-1,-1,1019,-1
1248,939,51,-1,-1,1021,-1
1283,967,51,-1,-1,1021,-1
1354,1019,51,-1,-1,1022,-1
1319,997,51,-1,-1,1022,-1
1332,1007,51,-1,-1,1024,-1
1299,982,51,-1,-1,1024,-1
1352,1018,51,-1,-1,1026,-1
1286,969,51,-1,-1,1027,-1
1329,1005,51,-1,-1,1027,-1
1276,960,51,-1,-1,1028,-1
1275,959,51,-1,-1,1029,-1
1348,1016,51,-1,-1,1029,-1
1288,970,51,-1,-1,1029,-1
1341,1012,51,-1,-1,1030,-1
1353,1018,51,-1,-1,1030,-1
1331,1006,51,-1,-1,1031,-1
1293,974,51,-1,-1,1032,-1
1304,984,51,-1,-1,1032,-1
1323,1002,51,-1,-1,1032,-1
1371,1031,51,-1,-1,1033,-1
1350,1017,51,-1,-1,1035,-1
1364,1027,51,-1,-1,1035,-1
1357,1021,51,-1,-1,1036,-1
1337,1009,51,-1,-1,1036,-1
1264,953,51,-1,-1,1036,-1
1361,1024,51,-1,-1,1037,-1
1312,991,51,-1,-1,1037,-1
1346,1015,51,-1,-1,1038,-1
1315,995,51,-1,-1,1038,-1
1351,1018,51,-1,-1,1038,-1
1368,1029,51,-1,-1,1039,-1
1328,1004,51,-1,-1,1039,-1
1372,1032,51,-1,-1,1039,-1
1318,997,51,-1,-1,1040,-1
1294,974,51,-1,-1,1042,-1
1387,1039,51,-1,-1,1043,-1
1280,965,51,-1,-1,1044,-1
1322,999,51,-1,-1,1045,-1
1259,949,51,-1,-1,1047,-1
1333,1007,51,-1,-1,1047,-1
1389,1040,51,-1,-1,1049,-1
1370,1030,51,-1,-1,1052,-1
1376,1035,51,-1,-1,1053,-1
1347,1015,51,-1,-1,1053,-1
1380,1036,51,-1,-1,1054,-1
1367,1029,51,-1,-1,1057,-1
1358,1022,51,-1,-1,1058,-1
1343,1013,51,-1,-1,1059,-1
1342,1013,51,-1,-1,1061,-1
1385,1038,51,-1,-1,1061,-1
1320,998,51,-1,-1,1062,-1
1309,988,51,-1,-1,1063,-1
1317,996,51,-1,-1,1063,-1
1369,1030,51,-1,-1,1065,-1
1307,986,51,-1,-1,1065,-1
1349,1017,51,-1,-1,1067,-1
1325,1003,51,-1,-1,1068,-1
1365,1028,51,-1,-1,1068,-1
1404,1061,51,-1,-1,1070,-1
1381,1037,51,-1,-1,1070,-1
1345,1014,51,-1,-1,1070,-1
1316,996,51,-1,-1,1071,-1
1408,1063,51,-1,-1,1071,-1
1334,1008,51,-1,-1,1073,-1
1340,1012,51,-1,-1,1073,-1
1392,1044,51,-1,-1,1077,-1
1360,1024,51,-1,-1,1077,-1
1378,1036,51,-1,-1,1078,-1
1405,1061,51,-1,-1,1078,-1
1379,1036,51,-1,-1,1078,-1
1409,1065,51,-1,-1,1079,-1
1411,1067,51,-1,-1,1080,-1
1397,1052,51,-1,-1,1082,-1
1355,1019,51,-1,-1,1082,-1
1313,994,51,-1,-1,1082,-1
1338,1009,51,-1,-1,1082,-1
1396,1049,51,-1,-1,1082,-1
1428,1082,51,-1,-1,1083,-1
1374,1032,51,-1,-1,1088,-1
1400,1054,51,-1,-1,1089,-1
1431,1082,51,-1,-1,1089,-1
1391,1043,51,-1,-1,1090,-1
1335,1008,51,-1,-1,1090,-1
1422,1077,51,-1,-1,1090,-1
1393,1045,51,-1,-1,1091,-1
1377,1035,51,-1,-1,1091,-1
1439,1090,51,-1,-1,1092,-1
1356,1021,51,-1,-1,1092,-1
1362,1026,51,-1,-1,1092,-1
1413,1068,51,-1,-1,1092,-1
1426,1079,51,-1,-1,1092,-1
1442,1092,51,-1,-1,1093,-1
1375,1033,51,-1,-1,1093,-1
1435,1089,51,-1,-1,1094,-1
1359,1022,51,-1,-1,1096,-1
1399,1053,51,-1,-1,1100,-1
1401,1057,51,-1,-1,1100,-1
1420,1073,51,-1,-1,1100,-1
1410,1065,51,-1,-1,1101,-1
1373,1032,51,-1,-1,1101,-1
1383,1038,51,-1,-1,1103,-1
1433,1083,51,-1,-1,1104,-1
1414,1070,51,-1,-1,1104,-1
1386,1039,51,-1,-1,1105,-1
1427,1080,51,-1,-1,1105,-1
1406,1062,51,-1,-1,1106,-1
1388,1039,51,-1,-1,1107,-1
1417,1071,51,-1,-1,1107,-1
1425,1078,51,-1,-1,1108,-1
1418,1071,51,-1,-1,1110,-1
1412,1068,51,-1,-1,1111,-1
1366,1029,51,-1,-1,1113,-1
1384,1038,51,-1,-1,1113,-1
1363,1027,51,-1,-1,1113,-1
1402,1058,51,-1,-1,1113,-1
1452,1100,51,-1,-1,1113,-1
1438,1090,51,-1,-1,1115,-1
1451,1100,51,-1,-1,1116,-1
1423,1078,51,-1,-1,1116,-1
1461,1106,51,-1,-1,1118,-1
1395,1047,51,-1,-1,1118,-1
1445,1092,51,-1,-1,1119,-1
1454,1101,51,-1,-1,1120,-1
1394,1047,51,-1,-1,1121,-1
1382,1037,51,-1,-1,1121,-1
1450,1096,51,-1,-1,1123,-1
1466,1111,51,-1,-1,1123,-1
1424,1078,51,-1,-1,1123,-1
1390,1042,51,-1,-1,1123,-1
1462,1107,51,-1,-1,1125,-1
1419,1073,51,-1,-1,1125,-1
1407,1063,51,-1,-1,1125,-1
1485,1125,51,-1,-1,1125,-1
1432,1082,51,-1,-1,1125,-1
1436,1089,51,-1,-1,1126,-1
1398,1053,51,-1,-1,1126,-1
1473,1116,51,-1,-1,1127,-1
1464,1108,51,-1,-1,1127,-1
1463,1107,51,-1,-1,1128,-1
1474,1116,51,-1,-1,1129,-1
1416,1070,51,-1,-1,1130,-1
1471,1113,51,-1,-1,1133,-1
1441,1091,51,-1,-1,1133,-1
1472,1115,51,-1,-1,1133,-1
1430,1082,51,-1,-1,1135,-1
1455,1101,51,-1,-1,1136,-1
1498,1133,51,-1,-1,1137,-1
1469,1113,51,-1,-1,1138,-1
1429,1082,51,-1,-1,1138,-1
1403,1059,51,-1,-1,1140,-1
1470,1113,51,-1,-1,1141,-1
1415,1070,51,-1,-1,1141,-1
1437,1090,51,-1,-1,1143,-1
1421,1077,51,-1,-1,1143,-1
1440,1091,51,-1,-1,1143,-1
1443,1092,51,-1,-1,1143,-1
1456,1103,51,-1,-1,1145,-1
1457,1104,51,-1,-1,1146,-1
1465,1110,51,-1,-1,1146,-1
1499,1133,51,-1,-1,1146,-1
1447,1093,51,-1,-1,1147,-1
1482,1123,51,-1,-1,1148,-1
1453,1100,51,-1,-1,1153,-1
1491,1126,51,-1,-1,1153,-1
1480,1121,51,-1,-1,1154,-1
1468,1113,51,-1,-1,1155,-1
1458,1104,51,-1,-1,1155,-1
1446,1092,51,-1,-1,1155,-1
1487,1125,51,-1,-1,1155,-1
1506,1141,51,-1,-1,1160,-1
1484,1123,51,-1,-1,1161,-1
1476,1118,51,-1,-1,1161,-1
1460,1105,51,-1,-1,1164,-1
1481,1123,51,-1,-1,1164,-1
1504,1138,51,-1,-1,1164,-1
1477,1119,51,-1,-1,1165,-1
1494,1128,51,-1,-1,1166,-1
1444,1092,51,-1,-1,1167,-1
1493,1127,51,-1,-1,1167,-1
1496,1130,51,-1,-1,1167,-1
1521,1155,51,-1,-1,1167,-1
1497,1133,51,-1,-1,1168,-1
1523,1155,51,-1,-1,1168,-1
1434,1088,51,-1,-1,1171,-1
1515,1146,51,-1,-1,1171,-1
1449,1094,51,-1,-1,1172,-1
1490,1126,51,-1,-1,1173,-1
1503,1138,51,-1,-1,1174,-1
1513,1146,51,-1,-1,1175,-1
1475,1118,51,-1,-1,1175,-1
1495,1129,51,-1,-1,1176,-1
1535,1167,51,-1,-1,1176,-1
1530,1164,51,-1,-1,1178,-1
1511,1143,51,-1,-1,1178,-1
1512,1145,51,-1,-1,1180,-1
1546,1176,51,-1,-1,1180,-1
1467,1113,51,-1,-1,1180,-1
1524,1155,51,-1,-1,1181,-1
1483,1123,51,-1,-1,1181,-1
1478,1120,51,-1,-1,1181,-1
1534,1167,51,-1,-1,1182,-1
1531,1165,51,-1,-1,1182,-1
1479,1121,51,-1,-1,1182,-1
1502,1137,51,-1,-1,1183,-1
1459,1105,51,-1,-1,1184,-1
1448,1093,51,-1,-1,1184,-1
1488,1125,51,-1,-1,1187,-1
1510,1143,51,-1,-1,1188,-1
1560,1184,51,-1,-1,1189,-1
1558,1182,51,-1,-1,1190,-1
1532,1166,51,-1,-1,1191,-1
1501,1136,51,-1,-1,1192,-1
1508,1143,51,-1,-1,1193,-1
1486,1125,51,-1,-1,1193,-1
1492,1127,51,-1,-1,1195,-1
1522,1155,51,-1,-1,1195,-1
1545,1175,51,-1,-1,1197,-1
1500,1135,51,-1,-1,1199,-1
1489,1125,51,-1,-1,1199,-1
1563,1188,51,-1,-1,1200,-1
1518,1153,51,-1,-1,1201,-1
1536,1167,51,-1,-1,1202,-1
1520,1154,51,-1,-1,1203,-1
1514,1146,51,-1,-1,1203,-1
1517,1148,51,-1,-1,1204,-1
1568,1193,51,-1,-1,1204,-1
1525,1160,51,-1,-1,1204,-1
1547,1176,51,-1,-1,1206,-1
1540,1171,51,-1,-1,1207,-1
1505,1140,51,-1,-1,1207,-1
1519,1153,51,-1,-1,1207,-1
1572,1197,51,-1,-1,1207,-1
1541,1172,51,-1,-1,1207,-1
1565,1190,51,-1,-1,1208,-1
1548,1178,51,-1,-1,1208,-1
1550,1180,51,-1,-1,1208,-1
1543,1174,51,-1,-1,1209,-1
1551,1180,51,-1,-1,1210,-1
1509,1143,51,-1,-1,1211,-1
1559,1183,51,-1,-1,1211,-1
1553,1181,51,-1,-1,1212,-1
1570,1195,51,-1,-1,1213,-1
1507,1141,51,-1,-1,1214,-1
1533,1167,51,-1,-1,1215,-1
1527,1161,51,-1,-1,1215,-1
1581,1204,51,-1,-1,1215,-1
1580,1204,51,-1,-1,1215,-1
1566,1191,51,-1,-1,1215,-1
1556,1182,51,-1,-1,1215,-1
1554,1181,51,-1,-1,1216,-1
1587,1207,51,-1,-1,1216,-1
1584,1207,51,-1,-1,1217,-1
1562,1187,51,-1,-1,1217,-1
1539,1171,51,-1,-1,1218,-1
1609,1218,51,-1,-1,1219,-1
1592,1209,51,-1,-1,1220,-1
1586,1207,51,-1,-1,1220,-1
1526,1161,51,-1,-1,1220,-1
1516,1147,51,-1,-1,1221,-1
1555,1181,51,-1,-1,1222,-1
1552,1180,51,-1,-1,1224,-1
1569,1193,51,-1,-1,1224,-1
1529,1164,51,-1,-1,1226,-1
1537,1168,51,-1,-1,1226,-1
1617,1224,51,-1,-1,1228,-1
1544,1175,51,-1,-1,1228,-1
1573,1199,51,-1,-1,1231,-1
1615,1222,51,-1,-1,1234,-1
1591,1208,51,-1,-1,1234,-1
1567,1192,51,-1,-1,1235,-1
1608,1217,51,-1,-1,1236,-1
1590,1208,51,-1,-1,1237,-1
1611,1220,51,-1,-1,1239,-1
1603,1215,51,-1,-1,1239,-1
1538,1168,51,-1,-1,1241,-1
1619,1226,51,-1,-1,1243,-1
1561,1184,51,-1,-1,1243,-1
1574,1199,51,-1,-1,1244,-1
1596,1212,51,-1,-1,1244,-1
1595,1211,51,-1,-1,1245,-1
1604,1215,51,-1,-1,1246,-1
1616,1224,51,-1,-1,1246,-1
1629,1239,51,-1,-1,1246,-1
1557,1182,51,-1,-1,1247,-1
1625,1235,51,-1,-1,1247,-1
1542,1173,51,-1,-1,1248,-1
1582,1204,51,-1,-1,1248,-1
1549,1178,51,-1,-1,1248,-1
1634,1244,51,-1,-1,1249,-1
1600,1215,51,-1,-1,1249,-1
1613,1220,51,-1,-1,1249,-1
1639,1247,51,-1,-1,1251,-1
1571,1195,51,-1,-1,1251,-1
1564,1189,51,-1,-1,1252,-1
1588,1207,51,-1,-1,1252,-1
1628,1239,51,-1,-1,1252,-1
1528,1164,51,-1,-1,1252,-1
1623,1234,51,-1,-1,1253,-1
1646,1249,51,-1,-1,1253,-1
1579,1203,51,-1,-1,1254,-1
1632,1243,51,-1,-1,1254,-1
1601,1215,51,-1,-1,1255,-1
1607,1217,51,-1,-1,1256,-1
1638,1246,51,-1,-1,1257,-1
1640,1247,51,-1,-1,1258,-1
1577,1202,51,-1,-1,1260,-1
1650,1252,51,-1,-1,1260,-1
1578,1203,51,-1,-1,1262,-1
1583,1206,51,-1,-1,1262,-1
1620,1228,51,-1,-1,1262,-1
1626,1236,51,-1,-1,1264,-1
1589,1208,51,-1,-1,1264,-1
1651,1252,51,-1,-1,1265,-1
1605,1216,51,-1,-1,1265,-1
1647,1251,51,-1,-1,1265,-1
1656,1254,51,-1,-1,1265,-1
1602,1215,51,-1,-1,1265,-1
1641,1248,51,-1,-1,1265,-1
1612,1220,51,-1,-1,1266,-1
1637,1246,51,-1,-1,1267,-1
1593,1210,51,-1,-1,1268,-1
1654,1253,51,-1,-1,1269,-1
1633,1244,51,-1,-1,1269,-1
1599,1215,51,-1,-1,1269,-1
1630,1241,51,-1,-1,1270,-1
1659,1257,51,-1,-1,1270,-1
1649,1252,51,-1,-1,1274,-1
1575,1200,51,-1,-1,1274,-1
1681,1270,51,-1,-1,1276,-1
1622,1231,51,-1,-1,1277,-1
1664,1262,51,-1,-1,1278,-1
1683,1274,51,-1,-1,1279,-1
1669,1265,51,-1,-1,1279,-1
1618,1226,51,-1,-1,1279,-1
1653,1253,51,-1,-1,1280,-1
1644,1249,51,-1,-1,1280,-1
1648,1251,51,-1,-1,1280,-1
1621,1228,51,-1,-1,1280,-1
1643,1248,51,-1,-1,1280,-1
1624,1234,51,-1,-1,1282,-1
1614,1221,51,-1,-1,1282,-1
1585,1207,51,-1,-1,1284,-1
1598,1214,51,-1,-1,1284,-1
1576,1201,51,-1,-1,1285,-1
1606,1216,51,-1,-1,1287,-1
1678,1269,51,-1,-1,1287,-1
1677,1269,51,-1,-1,1289,-1
1645,1249,51,-1,-1,1290,-1
1670,1265,51,-1,-1,1290,-1
1662,1260,51,-1,-1,1290,-1
1702,1289,51,-1,-1,1293,-1
1610,1219,51,-1,-1,1294,-1
1642,1248,51,-1,-1,1294,-1
1597,1213,51,-1,-1,1295,-1
1636,1246,51,-1,-1,1296,-1
1691,1280,51,-1,-1,1296,-1
1594,1211,51,-1,-1,1297,-1
1672,1265,51,-1,-1,1301,-1
1673,1265,51,-1,-1,1302,-1
1665,1262,51,-1,-1,1302,-1
1687,1279,51,-1,-1,1303,-1
1713,1301,51,-1,-1,1303,-1
1690,1280,51,-1,-1,1304,-1
1705,1290,51,-1,-1,1304,-1
1685,1277,51,-1,-1,1305,-1
1704,1290,51,-1,-1,1305,-1
1657,1255,51,-1,-1,1306,-1
1652,1252,51,-1,-1,1307,-1
1663,1262,51,-1,-1,1308,-1
1635,1245,51,-1,-1,1309,-1
1720,1305,51,-1,-1,1309,-1
1684,1276,51,-1,-1,1310,-1
1671,1265,51,-1,-1,1311,-1
1696,1282,51,-1,-1,1313,-1
1697,1284,51,-1,-1,1314,-1
1660,1258,51,-1,-1,1314,-1
1709,1295,51,-1,-1,1314,-1
1706,1293,51,-1,-1,1314,-1
1667,1264,51,-1,-1,1315,-1
1631,1243,51,-1,-1,1317,-1
1674,1266,51,-1,-1,1317,-1
1726,1309,51,-1,-1,1317,-1
1695,1282,51,-1,-1,1318,-1
1668,1265,51,-1,-1,1320,-1
1688,1279,51,-1,-1,1320,-1
1740,1320,51,-1,-1,1320,-1
1699,1285,51,-1,-1,1321,-1
1676,1268,51,-1,-1,1321,-1
1661,1260,51,-1,-1,1321,-1
1738,1318,51,-1,-1,1324,-1
1675,1267,51,-1,-1,1324,-1
1682,1274,51,-1,-1,1324,-1
1700,1287,51,-1,-1,1325,-1
1719,1304,51,-1,-1,1325,-1
1666,1264,51,-1,-1,1325,-1
1692,1280,51,-1,-1,1327,-1
1725,1309,51,-1,-1,1327,-1
1742,1321,51,-1,-1,1328,-1
1655,1254,51,-1,-1,1328,-1
1694,1280,51,-1,-1,1328,-1
1679,1269,51,-1,-1,1329,-1
1658,1256,51,-1,-1,1331,-1
1680,1270,51,-1,-1,1331,-1
1701,1287,51,-1,-1,1335,-1
1748,1325,51,-1,-1,1335,-1
1737,1317,51,-1,-1,1336,-1
1756,1329,51,-1,-1,1336,-1
1724,1308,51,-1,-1,1337,-1
1736,1317,51,-1,-1,1338,-1
1721,1305,51,-1,-1,1339,-1
1689,1279,51,-1,-1,1340,-1
1732,1314,51,-1,-1,1340,-1
1758,1331,51,-1,-1,1341,-1
1735,1317,51,-1,-1,1342,-1
1733,1314,51,-1,-1,1343,-1
1739,1320,51,-1,-1,1343,-1
1708,1294,51,-1,-1,1344,-1
1627,1237,51,-1,-1,1344,-1
1707,1294,51,-1,-1,1344,-1
1734,1315,51,-1,-1,1344,-1
1753,1328,51,-1,-1,1346,-1
1744,1321,51,-1,-1,1346,-1
1741,1320,51,-1,-1,1347,-1
1760,1335,51,-1,-1,1348,-1
1686,1278,51,-1,-1,1348,-1
1727,1310,51,-1,-1,1349,-1
1745,1324,51,-1,-1,1349,-1
1728,1311,51,-1,-1,1351,-1
1763,1337,51,-1,-1,1353,-1
1716,1303,51,-1,-1,1354,-1
1769,1342,51,-1,-1,1354,-1
1722,1306,51,-1,-1,1355,-1
1754,1328,51,-1,-1,1355,-1
1698,1284,51,-1,-1,1356,-1
1749,1325,51,-1,-1,1357,-1
1768,1341,51,-1,-1,1357,-1
1750,1325,51,-1,-1,1358,-1
1717,1303,51,-1,-1,1359,-1
1693,1280,51,-1,-1,1361,-1
1774,1344,51,-1,-1,1361,-1
1743,1321,51,-1,-1,1361,-1
1785,1354,51,-1,-1,1362,-1
1757,1331,51,-1,-1,1363,-1
1797,1362,51,-1,-1,1363,-1
1793,1359,51,-1,-1,1363,-1
1790,1357,51,-1,-1,1364,-1
1777,1346,51,-1,-1,1365,-1
1767,1340,51,-1,-1,1367,-1
1730,1314,51,-1,-1,1367,-1
1703,1290,51,-1,-1,1368,-1
1782,1349,51,-1,-1,1368,-1
1770,1343,51,-1,-1,1369,-1
1746,1324,51,-1,-1,1370,-1
1711,1296,51,-1,-1,1370,-1
1773,1344,51,-1,-1,1373,-1
1766,1340,51,-1,-1,1374,-1
1784,1353,51,-1,-1,1375,-1
1712,1297,51,-1,-1,1377,-1
1714,1302,51,-1,-1,1378,-1
1788,1355,51,-1,-1,1378,-1
1792,1358,51,-1,-1,1379,-1
1765,1339,51,-1,-1,1380,-1
1715,1302,51,-1,-1,1381,-1
1791,1357,51,-1,-1,1381,-1
1723,1307,51,-1,-1,1382,-1
1778,1347,51,-1,-1,1383,-1
1789,1356,51,-1,-1,1383,-1
1759,1335,51,-1,-1,1383,-1
1806,1368,51,-1,-1,1384,-1
1794,1361,51,-1,-1,1385,-1
1796,1361,51,-1,-1,1385,-1
1729,1313,51,-1,-1,1385,-1
1710,1296,51,-1,-1,1386,-1
1718,1304,51,-1,-1,1387,-1
1762,1336,51,-1,-1,1387,-1
1747,1324,51,-1,-1,1388,-1
1827,1385,51,-1,-1,1388,-1
1755,1328,51,-1,-1,1389,-1
1787,1355,51,-1,-1,1389,-1
1751,1327,51,-1,-1,1389,-1
1798,1363,51,-1,-1,1391,-1
1752,1327,51,-1,-1,1392,-1
1771,1343,51,-1,-1,1392,-1
1786,1354,51,-1,-1,1394,-1
1772,1344,51,-1,-1,1394,-1
1780,1348,51,-1,-1,1396,-1
1795,1361,51,-1,-1,1397,-1
1779,1348,51,-1,-1,1397,-1
1800,1363,51,-1,-1,1398,-1
1783,1351,51,-1,-1,1404,-1
1761,1336,51,-1,-1,1404,-1
1833,1389,51,-1,-1,1404,-1
1823,1383,51,-1,-1,1404,-1
1837,1392,51,-1,-1,1405,-1
1828,1386,51,-1,-1,1407,-1
1824,1384,51,-1,-1,1408,-1
1775,1344,51,-1,-1,1408,-1
1810,1373,51,-1,-1,1408,-1
1826,1385,51,-1,-1,1409,-1
1781,1349,51,-1,-1,1409,-1
1801,1364,51,-1,-1,1410,-1
1802,1365,51,-1,-1,1411,-1
1825,1385,51,-1,-1,1412,-1
1776,1346,51,-1,-1,1413,-1
1834,1389,51,-1,-1,1416,-1
1820,1382,51,-1,-1,1416,-1
1818,1381,51,-1,-1,1419,-1
1829,1387,51,-1,-1,1419,-1
1838,1392,51,-1,-1,1419,-1
1819,1381,51,-1,-1,1419,-1
1799,1363,51,-1,-1,1422,-1
1764,1338,51,-1,-1,1422,-1
1811,1374,51,-1,-1,1422,-1
1835,1389,51,-1,-1,1428,-1
1868,1422,51,-1,-1,1429,-1
1812,1375,51,-1,-1,1431,-1
1844,1398,51,-1,-1,1431,-1
1815,1378,51,-1,-1,1432,-1
1845,1404,51,-1,-1,1433,-1
1809,1370,51,-1,-1,1433,-1
1830,1387,51,-1,-1,1434,-1
1847,1404,51,-1,-1,1434,-1
1832,1388,51,-1,-1,1434,-1
1831,1388,51,-1,-1,1435,-1
1842,1397,51,-1,-1,1435,-1
1860,1416,51,-1,-1,1437,-1
1803,1367,51,-1,-1,1438,-1
1873,1432,51,-1,-1,1438,-1
1816,1379,51,-1,-1,1439,-1
1863,1419,51,-1,-1,1441,-1
1822,1383,51,-1,-1,1442,-1
1857,1411,51,-1,-1,1443,-1
1731,1314,51,-1,-1,1443,-1
1808,1370,51,-1,-1,1443,-1
1850,1407,51,-1,-1,1444,-1
1805,1368,51,-1,-1,1445,-1
1807,1369,51,-1,-1,1446,-1
1804,1367,51,-1,-1,1447,-1
1870,1429,51,-1,-1,1448,-1
1865,1419,51,-1,-1,1449,-1
1849,1405,51,-1,-1,1449,-1
1861,1416,51,-1,-1,1452,-1
1836,1391,51,-1,-1,1452,-1
1871,1431,51,-1,-1,1452,-1
1881,1437,51,-1,-1,1453,-1
1814,1378,51,-1,-1,1453,-1
1893,1447,51,-1,-1,1454,-1
1851,1408,51,-1,-1,1456,-1
1862,1419,51,-1,-1,1458,-1
1896,1449,51,-1,-1,1458,-1
1839,1394,51,-1,-1,1458,-1
1843,1397,51,-1,-1,1459,-1
1886,1442,51,-1,-1,1459,-1
1889,1443,51,-1,-1,1459,-1
1879,1435,51,-1,-1,1461,-1
1846,1404,51,-1,-1,1462,-1
1887,1443,51,-1,-1,1463,-1
1817,1380,51,-1,-1,1463,-1
1894,1448,51,-1,-1,1464,-1
1813,1377,51,-1,-1,1465,-1
1858,1412,51,-1,-1,1465,-1
1852,1408,51,-1,-1,1468,-1
1854,1409,51,-1,-1,1468,-1
1855,1409,51,-1,-1,1468,-1
1890,1444,51,-1,-1,1468,-1
1888,1443,51,-1,-1,1470,-1
1885,1441,51,-1,-1,1470,-1
1840,1394,51,-1,-1,1471,-1
1895,1449,51,-1,-1,1471,-1
1909,1459,51,-1,-1,1472,-1
1908,1459,51,-1,-1,1472,-1
1866,1422,51,-1,-1,1473,-1
1867,1422,51,-1,-1,1473,-1
1883,1438,51,-1,-1,1474,-1
1928,1473,51,-1,-1,1474,-1
1853,1408,51,-1,-1,1475,-1
1927,1473,51,-1,-1,1476,-1
1856,1410,51,-1,-1,1476,-1
1910,1461,51,-1,-1,1478,-1
1878,1434,51,-1,-1,1480,-1
1897,1452,51,-1,-1,1483,-1
1841,1396,51,-1,-1,1486,-1
1848,1404,51,-1,-1,1486,-1
1899,1452,51,-1,-1,1487,-1
1859,1413,51,-1,-1,1488,-1
1907,1459,51,-1,-1,1488,-1
1932,1476,51,-1,-1,1489,-1
1911,1462,51,-1,-1,1489,-1
1877,1434,51,-1,-1,1489,-1
1864,1419,51,-1,-1,1489,-1
1892,1446,51,-1,-1,1490,-1
1876,1434,51,-1,-1,1490,-1
1903,1456,51,-1,-1,1490,-1
1930,1474,51,-1,-1,1491,-1
1901,1453,51,-1,-1,1491,-1
1884,1439,51,-1,-1,1492,-1
1821,1383,51,-1,-1,1492,-1
1939,1487,51,-1,-1,1494,-1
1891,1445,51,-1,-1,1495,-1
1872,1431,51,-1,-1,1495,-1
1936,1483,51,-1,-1,1498,-1
1882,1438,51,-1,-1,1499,-1
1942,1489,51,-1,-1,1499,-1
1880,1435,51,-1,-1,1500,-1
1937,1486,51,-1,-1,1500,-1
1913,1463,51,-1,-1,1500,-1
1933,1476,51,-1,-1,1501,-1
1924,1471,51,-1,-1,1501,-1
1915,1465,51,-1,-1,1502,-1
1914,1464,51,-1,-1,1502,-1
1953,1494,51,-1,-1,1503,-1
1898,1452,51,-1,-1,1505,-1
1950,1491,51,-1,-1,1505,-1
1869,1428,51,-1,-1,1507,-1
1900,1453,51,-1,-1,1507,-1
1905,1458,51,-1,-1,1507,-1
1904,1458,51,-1,-1,1508,-1
1922,1470,51,-1,-1,1509,-1
1916,1465,51,-1,-1,1509,-1
1920,1468,51,-1,-1,1510,-1
1947,1490,51,-1,-1,1510,-1
1874,1433,51,-1,-1,1512,-1
1974,1509,51,-1,-1,1512,-1
1902,1454,51,-1,-1,1515,-1
1875,1433,51,-1,-1,1515,-1
1912,1463,51,-1,-1,1517,-1
1919,1468,51,-1,-1,1518,-1
1964,1502,51,-1,-1,1520,-1
1962,1501,51,-1,-1,1521,-1
1968,1505,51,-1,-1,1521,-1
1976,1510,51,-1,-1,1521,-1
1959,1500,51,-1,-1,1521,-1
1984,1521,51,-1,-1,1523,-1
1938,1486,51,-1,-1,1523,-1
1980,1515,51,-1,-1,1523,-1
1951,1492,51,-1,-1,1525,-1
1943,1489,51,-1,-1,1525,-1
1972,1508,51,-1,-1,1526,-1
1970,1507,51,-1,-1,1526,-1
1958,1499,51,-1,-1,1527,-1
1985,1521,51,-1,-1,1527,-1
1925,1472,51,-1,-1,1527,-1
1945,1489,51,-1,-1,1528,-1
1941,1488,51,-1,-1,1529,-1
1966,1503,51,-1,-1,1529,-1
1917,1468,51,-1,-1,1530,-1
1946,1490,51,-1,-1,1530,-1
1921,1470,51,-1,-1,1532,-1
1918,1468,51,-1,-1,1532,-1
1949,1491,51,-1,-1,1533,-1
1998,1528,51,-1,-1,1533,-1
1906,1458,51,-1,-1,1534,-1
1948,1490,51,-1,-1,1535,-1
1934,1478,51,-1,-1,1535,-1
1944,1489,51,-1,-1,1536,-1
1955,1495,51,-1,-1,1538,-1
1935,1480,51,-1,-1,1538,-1
1963,1501,51,-1,-1,1540,-1
1952,1492,51,-1,-1,1540,-1
2001,1530,51,-1,-1,1541,-1
1983,1520,51,-1,-1,1545,-1
1929,1474,51,-1,-1,1545,-1
1995,1527,51,-1,-1,1546,-1
1954,1495,51,-1,-1,1546,-1
2011,1538,51,-1,-1,1546,-1
1973,1509,51,-1,-1,1548,-1
1994,1526,51,-1,-1,1548,-1
2000,1529,51,-1,-1,1549,-1
1931,1475,51,-1,-1,1549,-1
1961,1500,51,-1,-1,1552,-1
1990,1523,51,-1,-1,1553,-1
2006,1533,51,-1,-1,1553,-1
1940,1488,51,-1,-1,1554,-1
2024,1549,51,-1,-1,1554,-1
1956,1498,51,-1,-1,1554,-1
1992,1525,51,-1,-1,1554,-1
1997,1527,51,-1,-1,1556,-1
1926,1472,51,-1,-1,1556,-1
2033,1556,51,-1,-1,1557,-1
1965,1502,51,-1,-1,1557,-1
1981,1517,51,-1,-1,1557,-1
1971,1507,51,-1,-1,1559,-1
1969,1507,51,-1,-1,1560,-1
2008,1535,51,-1,-1,1561,-1
1923,1471,51,-1,-1,1561,-1
1982,1518,51,-1,-1,1561,-1
2021,1548,51,-1,-1,1562,-1
2035,1557,51,-1,-1,1562,-1
1979,1515,51,-1,-1,1562,-1
1988,1523,51,-1,-1,1563,-1
2013,1540,51,-1,-1,1564,-1
2027,1553,51,-1,-1,1564,-1
2030,1554,51,-1,-1,1565,-1
1967,1505,51,-1,-1,1568,-1
1987,1521,51,-1,-1,1568,-1
1978,1512,51,-1,-1,1570,-1
2014,1540,51,-1,-1,1570,-1
2051,1570,51,-1,-1,1571,-1
1960,1500,51,-1,-1,1572,-1
2028,1554,51,-1,-1,1572,-1
1986,1521,51,-1,-1,1573,-1
1957,1499,51,-1,-1,1574,-1
1989,1523,51,-1,-1,1575,-1
2040,1561,51,-1,-1,1575,-1
2004,1532,51,-1,-1,1575,-1
2023,1549,51,-1,-1,1576,-1
2048,1565,51,-1,-1,1576,-1
1991,1525,51,-1,-1,1577,-1
1996,1527,51,-1,-1,1580,-1
1975,1510,51,-1,-1,1582,-1
1977,1512,51,-1,-1,1583,-1
2066,1583,51,-1,-1,1583,-1
1993,1526,51,-1,-1,1584,-1
2042,1562,51,-1,-1,1587,-1
2036,1557,51,-1,-1,1588,-1
2017,1545,51,-1,-1,1588,-1
2037,1559,51,-1,-1,1589,-1
1999,1529,51,-1,-1,1590,-1
2003,1532,51,-1,-1,1591,-1
2010,1536,51,-1,-1,1591,-1
2045,1563,51,-1,-1,1592,-1
2005,1533,51,-1,-1,1592,-1
2020,1546,51,-1,-1,1592,-1
2055,1572,51,-1,-1,1593,-1
2052,1570,51,-1,-1,1593,-1
2029,1554,51,-1,-1,1594,-1
2049,1568,51,-1,-1,1594,-1
2015,1541,51,-1,-1,1594,-1
2016,1545,51,-1,-1,1595,-1
2022,1548,51,-1,-1,1596,-1
2031,1554,51,-1,-1,1596,-1
2018,1546,51,-1,-1,1597,-1
2026,1553,51,-1,-1,1597,-1
2043,1562,51,-1,-1,1600,-1
2072,1589,51,-1,-1,1602,-1
2038,1560,51,-1,-1,1603,-1
2039,1561,51,-1,-1,1605,-1
2007,1534,51,-1,-1,1606,-1
2062,1576,51,-1,-1,1606,-1
2079,1593,51,-1,-1,1607,-1
2058,1575,51,-1,-1,1607,-1
2078,1592,51,-1,-1,1607,-1
2025,1552,51,-1,-1,1609,-1
2034,1557,51,-1,-1,1610,-1
2046,1564,51,-1,-1,1611,-1
2081,1594,51,-1,-1,1611,-1
2002,1530,51,-1,-1,1612,-1
2053,1571,51,-1,-1,1612,-1
2019,1546,51,-1,-1,1613,-1
2059,1575,51,-1,-1,1615,-1
2074,1591,51,-1,-1,1615,-1
2067,1583,51,-1,-1,1615,-1
2061,1576,51,-1,-1,1616,-1
2083,1594,51,-1,-1,1616,-1
2032,1556,51,-1,-1,1616,-1
2092,1605,51,-1,-1,1619,-1
2080,1593,51,-1,-1,1619,-1
2075,1591,51,-1,-1,1620,-1
2041,1561,51,-1,-1,1621,-1
2054,1572,51,-1,-1,1624,-1
2088,1597,51,-1,-1,1625,-1
2085,1596,51,-1,-1,1625,-1
2068,1584,51,-1,-1,1625,-1
2063,1577,51,-1,-1,1626,-1
2073,1590,51,-1,-1,1629,-1
2012,1538,51,-1,-1,1629,-1
2103,1612,51,-1,-1,1630,-1
2047,1564,51,-1,-1,1630,-1
2116,1625,51,-1,-1,1632,-1
2095,1607,51,-1,-1,1632,-1
2106,1615,51,-1,-1,1633,-1
2009,1535,51,-1,-1,1633,-1
2069,1587,51,-1,-1,1634,-1
2109,1616,51,-1,-1,1634,-1
2065,1582,51,-1,-1,1636,-1
2050,1568,51,-1,-1,1637,-1
2108,1616,51,-1,-1,1638,-1
2094,1606,51,-1,-1,1638,-1
2099,1610,51,-1,-1,1640,-1
2129,1634,51,-1,-1,1641,-1
2071,1588,51,-1,-1,1641,-1
2076,1592,51,-1,-1,1645,-1
2107,1615,51,-1,-1,1646,-1
2118,1625,51,-1,-1,1646,-1
2119,1626,51,-1,-1,1646,-1
2057,1574,51,-1,-1,1647,-1
2122,1630,51,-1,-1,1648,-1
2086,1596,51,-1,-1,1648,-1
2064,1580,51,-1,-1,1649,-1
2114,1621,51,-1,-1,1650,-1
2141,1647,51,-1,-1,1650,-1
2091,1603,51,-1,-1,1651,-1
2134,1640,51,-1,-1,1651,-1
2056,1573,51,-1,-1,1652,-1
2077,1592,51,-1,-1,1655,-1
2060,1575,51,-1,-1,1656,-1
2105,1615,51,-1,-1,1657,-1
2104,1613,51,-1,-1,1657,-1
2143,1648,51,-1,-1,1657,-1
2087,1597,51,-1,-1,1657,-1
2044,1562,51,-1,-1,1659,-1
2149,1652,51,-1,-1,1659,-1
2101,1611,51,-1,-1,1660,-1
2140,1646,51,-1,-1,1661,-1
2084,1595,51,-1,-1,1661,-1
2135,1641,51,-1,-1,1662,-1
2145,1650,51,-1,-1,1662,-1
2096,1607,51,-1,-1,1663,-1
2070,1588,51,-1,-1,1664,-1
2100,1611,51,-1,-1,1664,-1
2128,1634,51,-1,-1,1664,-1
2131,1637,51,-1,-1,1666,-1
2153,1657,51,-1,-1,1666,-1
2102,1612,51,-1,-1,1667,-1
2097,1607,51,-1,-1,1667,-1
2144,1649,51,-1,-1,1669,-1
2150,1655,51,-1,-1,1670,-1
2170,1667,51,-1,-1,1671,-1
2115,1624,51,-1,-1,1672,-1
2156,1659,51,-1,-1,1672,-1
2098,1609,51,-1,-1,1672,-1
2112,1619,51,-1,-1,1673,-1
2142,1648,51,-1,-1,1673,-1
2126,1633,51,-1,-1,1674,-1
2171,1669,51,-1,-1,1674,-1
2166,1664,51,-1,-1,1675,-1
2125,1632,51,-1,-1,1676,-1
2089,1600,51,-1,-1,1680,-1
2168,1666,51,-1,-1,1680,-1
2147,1651,51,-1,-1,1682,-1
2090,1602,51,-1,-1,1683,-1
2133,1638,51,-1,-1,1683,-1
2162,1662,51,-1,-1,1683,-1
2117,1625,51,-1,-1,1683,-1
2161,1662,51,-1,-1,1685,-1
2146,1650,51,-1,-1,1685,-1
2124,1632,51,-1,-1,1685,-1
2154,1657,51,-1,-1,1686,-1
2110,1616,51,-1,-1,1687,-1
2160,1661,51,-1,-1,1688,-1
2127,1633,51,-1,-1,1688,-1
2093,1606,51,-1,-1,1689,-1
2139,1646,51,-1,-1,1689,-1
2123,1630,51,-1,-1,1691,-1
2165,1664,51,-1,-1,1692,-1
2113,1620,51,-1,-1,1693,-1
2111,1619,51,-1,-1,1693,-1
2157,1659,51,-1,-1,1694,-1
2138,1646,51,-1,-1,1697,-1
2120,1629,51,-1,-1,1698,-1
2177,1673,51,-1,-1,1698,-1
2174,1672,51,-1,-1,1699,-1
2137,1645,51,-1,-1,1699,-1
2148,1651,51,-1,-1,1700,-1
2082,1594,51,-1,-1,1701,-1
2121,1629,51,-1,-1,1703,-1
2163,1663,51,-1,-1,1704,-1
2188,1683,51,-1,-1,1706,-1
2152,1657,51,-1,-1,1706,-1
2184,1680,51,-1,-1,1707,-1
2136,1641,51,-1,-1,1708,-1
2179,1674,51,-1,-1,1709,-1
2132,1638,51,-1,-1,1711,-1
2210,1701,51,-1,-1,1711,-1
2207,1699,51,-1,-1,1712,-1
2193,1686,51,-1,-1,1712,-1
2175,1672,51,-1,-1,1712,-1
2130,1636,51,-1,-1,1715,-1
2155,1657,51,-1,-1,1715,-1
2182,1676,51,-1,-1,1715,-1
2191,1685,51,-1,-1,1715,-1
2167,1666,51,-1,-1,1716,-1
2197,1689,51,-1,-1,1716,-1
2186,1683,51,-1,-1,1717,-1
2181,1675,51,-1,-1,1717,-1
2205,1698,51,-1,-1,1718,-1
2199,1691,51,-1,-1,1718,-1
2178,1673,51,-1,-1,1719,-1
2190,1685,51,-1,-1,1720,-1
2201,1693,51,-1,-1,1720,-1
2189,1683,51,-1,-1,1721,-1
2185,1682,51,-1,-1,1722,-1
2194,1687,51,-1,-1,1724,-1
2216,1708,51,-1,-1,1725,-1
2158,1660,51,-1,-1,1726,-1
2213,1706,51,-1,-1,1727,-1
2183,1680,51,-1,-1,1727,-1
2240,1726,51,-1,-1,1727,-1
2229,1717,51,-1,-1,1727,-1
2173,1671,51,-1,-1,1730,-1
2172,1670,51,-1,-1,1730,-1
2164,1664,51,-1,-1,1731,-1
2176,1672,51,-1,-1,1732,-1
2204,1697,51,-1,-1,1732,-1
2220,1712,51,-1,-1,1733,-1
2169,1667,51,-1,-1,1734,-1
2206,1698,51,-1,-1,1736,-1
2203,1694,51,-1,-1,1736,-1
2223,1715,51,-1,-1,1737,-1
2151,1656,51,-1,-1,1738,-1
2159,1661,51,-1,-1,1738,-1
2211,1703,51,-1,-1,1739,-1
2226,1715,51,-1,-1,1742,-1
2187,1683,51,-1,-1,1743,-1
2228,1716,51,-1,-1,1743,-1
2202,1693,51,-1,-1,1745,-1
2235,1720,51,-1,-1,1745,-1
2200,1692,51,-1,-1,1745,-1
2221,1712,51,-1,-1,1745,-1
2214,1706,51,-1,-1,1746,-1
2244,1727,51,-1,-1,1747,-1
2253,1736,51,-1,-1,1750,-1
2195,1688,51,-1,-1,1751,-1
2258,1742,51,-1,-1,1752,-1
2250,1733,51,-1,-1,1752,-1
2209,1700,51,-1,-1,1752,-1
2192,1685,51,-1,-1,1753,-1
2232,1718,51,-1,-1,1753,-1
2230,1717,51,-1,-1,1755,-1
2180,1674,51,-1,-1,1756,-1
2268,1751,51,-1,-1,1757,-1
2225,1715,51,-1,-1,1757,-1
2249,1732,51,-1,-1,1759,-1
2272,1753,51,-1,-1,1761,-1
2245,1730,51,-1,-1,1761,-1
2231,1718,51,-1,-1,1761,-1
2270,1752,51,-1,-1,1761,-1
2241,1727,51,-1,-1,1762,-1
2196,1688,51,-1,-1,1763,-1
2198,1689,51,-1,-1,1765,-1
2265,1746,51,-1,-1,1765,-1
2271,1752,51,-1,-1,1766,-1
2234,1720,51,-1,-1,1766,-1
2280,1761,51,-1,-1,1767,-1
2208,1699,51,-1,-1,1767,-1
2261,1745,51,-1,-1,1768,-1
2256,1738,51,-1,-1,1768,-1
2239,1725,51,-1,-1,1769,-1
2282,1761,51,-1,-1,1770,-1
2217,1709,51,-1,-1,1770,-1
2259,1743,51,-1,-1,1772,-1
2266,1747,51,-1,-1,1772,-1
2283,1762,51,-1,-1,1774,-1
2262,1745,51,-1,-1,1775,-1
2222,1712,51,-1,-1,1777,-1
2263,1745,51,-1,-1,1778,-1
2301,1778,51,-1,-1,1779,-1
2247,1731,51,-1,-1,1781,-1
2218,1711,51,-1,-1,1782,-1
2273,1753,51,-1,-1,1782,-1
2303,1781,51,-1,-1,1783,-1
2212,1704,51,-1,-1,1783,-1
2289,1767,51,-1,-1,1786,-1
2236,1721,51,-1,-1,1787,-1
2237,1722,51,-1,-1,1787,-1
2255,1738,51,-1,-1,1787,-1
2267,1750,51,-1,-1,1787,-1
2224,1715,51,-1,-1,1789,-1
2238,1724,51,-1,-1,1789,-1
2246,1730,51,-1,-1,1790,-1
2233,1719,51,-1,-1,1791,-1
2251,1734,51,-1,-1,1791,-1
2248,1732,51,-1,-1,1792,-1
2227,1716,51,-1,-1,1793,-1
2269,1752,51,-1,-1,1793,-1
2308,1786,51,-1,-1,1794,-1
2275,1756,51,-1,-1,1795,-1
2295,1770,51,-1,-1,1795,-1
2274,1755,51,-1,-1,1795,-1
2257,1739,51,-1,-1,1796,-1
2252,1736,51,-1,-1,1797,-1
2242,1727,51,-1,-1,1798,-1
2264,1745,51,-1,-1,1798,-1
2299,1775,51,-1,-1,1798,-1
2215,1707,51,-1,-1,1799,-1
2286,1765,51,-1,-1,1799,-1
2292,1768,51,-1,-1,1800,-1
2219,1711,51,-1,-1,1800,-1
2254,1737,51,-1,-1,1804,-1
2260,1743,51,-1,-1,1804,-1
2309,1787,51,-1,-1,1805,-1
2290,1767,51,-1,-1,1806,-1
2304,1782,51,-1,-1,1808,-1
2316,1791,51,-1,-1,1810,-1
2243,1727,51,-1,-1,1814,-1
2279,1761,51,-1,-1,1814,-1
2287,1766,51,-1,-1,1814,-1
2291,1768,51,-1,-1,1816,-1
2293,1769,51,-1,-1,1817,-1
2278,1759,51,-1,-1,1819,-1
2312,1787,51,-1,-1,1822,-1
2331,1799,51,-1,-1,1823,-1
2311,1787,51,-1,-1,1824,-1
2327,1798,51,-1,-1,1825,-1
2305,1782,51,-1,-1,1826,-1
2302,1779,51,-1,-1,1826,-1
2296,1772,51,-1,-1,1827,-1
2313,1789,51,-1,-1,1827,-1
2337,1806,51,-1,-1,1827,-1
2324,1795,51,-1,-1,1827,-1
2333,1800,51,-1,-1,1828,-1
2297,1772,51,-1,-1,1828,-1
2319,1793,51,-1,-1,1829,-1
2351,1826,51,-1,-1,1830,-1
2320,1793,51,-1,-1,1831,-1
2310,1787,51,-1,-1,1831,-1
2318,1792,51,-1,-1,1832,-1
2276,1757,51,-1,-1,1832,-1
2288,1766,51,-1,-1,1833,-1
2323,1795,51,-1,-1,1834,-1
2353,1827,51,-1,-1,1835,-1
2350,1826,51,-1,-1,1835,-1
2294,1770,51,-1,-1,1836,-1
2326,1797,51,-1,-1,1839,-1
2338,1808,51,-1,-1,1839,-1
2336,1805,51,-1,-1,1842,-1
2281,1761,51,-1,-1,1842,-1
2284,1763,51,-1,-1,1843,-1
2314,1789,51,-1,-1,1844,-1
2335,1804,51,-1,-1,1845,-1
2317,1791,51,-1,-1,1845,-1
2277,1757,51,-1,-1,1846,-1
2377,1846,51,-1,-1,1847,-1
2306,1783,51,-1,-1,1847,-1
2330,1799,51,-1,-1,1848,-1
2358,1829,51,-1,-1,1848,-1
2300,1777,51,-1,-1,1849,-1
2332,1800,51,-1,-1,1849,-1
2360,1831,51,-1,-1,1851,-1
2357,1828,51,-1,-1,1852,-1
2354,1827,51,-1,-1,1852,-1
2334,1804,51,-1,-1,1853,-1
2307,1783,51,-1,-1,1853,-1
2342,1814,51,-1,-1,1855,-1
2363,1832,51,-1,-1,1855,-1
2329,1798,51,-1,-1,1856,-1
2343,1816,51,-1,-1,1857,-1
2298,1774,51,-1,-1,1857,-1
2341,1814,51,-1,-1,1859,-1
2325,1796,51,-1,-1,1860,-1
2355,1827,51,-1,-1,1860,-1
2391,1856,51,-1,-1,1861,-1
2374,1844,51,-1,-1,1862,-1
2348,1824,51,-1,-1,1863,-1
2378,1847,51,-1,-1,1863,-1
2315,1790,51,-1,-1,1863,-1
2382,1849,51,-1,-1,1864,-1
2371,1842,51,-1,-1,1864,-1
2345,1819,51,-1,-1,1865,-1
2372,1842,51,-1,-1,1865,-1
2346,1822,51,-1,-1,1865,-1
2322,1795,51,-1,-1,1868,-1
2361,1831,51,-1,-1,1869,-1
2408,1869,51,-1,-1,1871,-1
2403,1864,51,-1,-1,1871,-1
2285,1765,51,-1,-1,1872,-1
2349,1825,51,-1,-1,1873,-1
2321,1794,51,-1,-1,1873,-1
2367,1835,51,-1,-1,1873,-1
2379,1847,51,-1,-1,1873,-1
2402,1864,51,-1,-1,1875,-1
2365,1834,51,-1,-1,1875,-1
2356,1828,51,-1,-1,1878,-1
2373,1843,51,-1,-1,1880,-1
2339,1810,51,-1,-1,1880,-1
2328,1798,51,-1,-1,1881,-1
2362,1832,51,-1,-1,1881,-1
2344,1817,51,-1,-1,1881,-1
2390,1855,51,-1,-1,1884,-1
2396,1860,51,-1,-1,1884,-1
2385,1852,51,-1,-1,1884,-1
2383,1849,51,-1,-1,1885,-1
2375,1845,51,-1,-1,1885,-1
2340,1814,51,-1,-1,1885,-1
2417,1875,51,-1,-1,1886,-1
2412,1873,51,-1,-1,1886,-1
2397,1861,51,-1,-1,1889,-1
2381,1848,51,-1,-1,1891,-1
2401,1863,51,-1,-1,1891,-1
2406,1865,51,-1,-1,1893,-1
2352,1827,51,-1,-1,1893,-1
2394,1859,51,-1,-1,1893,-1
2368,1836,51,-1,-1,1894,-1
2392,1857,51,-1,-1,1895,-1
2409,1871,51,-1,-1,1897,-1
2347,1823,51,-1,-1,1897,-1
2386,1852,51,-1,-1,1897,-1
2370,1839,51,-1,-1,1897,-1
2424,1884,51,-1,-1,1898,-1
2423,1881,51,-1,-1,1900,-1
2418,1878,51,-1,-1,1901,-1
2380,1848,51,-1,-1,1905,-1
2388,1853,51,-1,-1,1906,-1
2389,1855,51,-1,-1,1906,-1
2364,1833,51,-1,-1,1906,-1
2445,1900,51,-1,-1,1909,-1
2359,1830,51,-1,-1,1910,-1
2426,1884,51,-1,-1,1911,-1
2430,1886,51,-1,-1,1912,-1
2414,1873,51,-1,-1,1912,-1
2404,1865,51,-1,-1,1915,-1
2434,1891,51,-1,-1,1915,-1
2398,1862,51,-1,-1,1916,-1
2411,1872,51,-1,-1,1917,-1
2384,1851,51,-1,-1,1918,-1
2438,1894,51,-1,-1,1918,-1
2387,1853,51,-1,-1,1918,-1
2366,1835,51,-1,-1,1920,-1
2415,1873,51,-1,-1,1920,-1
2429,1885,51,-1,-1,1921,-1
2421,1881,51,-1,-1,1921,-1
2405,1865,51,-1,-1,1922,-1
2436,1893,51,-1,-1,1922,-1
2433,1891,51,-1,-1,1923,-1
2420,1880,51,-1,-1,1927,-1
2399,1863,51,-1,-1,1928,-1
2369,1839,51,-1,-1,1930,-1
2432,1889,51,-1,-1,1931,-1
2376,1845,51,-1,-1,1932,-1
2425,1884,51,-1,-1,1932,-1
2457,1915,51,-1,-1,1932,-1
2416,1875,51,-1,-1,1932,-1
2442,1897,51,-1,-1,1933,-1
2393,1857,51,-1,-1,1933,-1
2450,1906,51,-1,-1,1934,-1
2467,1922,51,-1,-1,1935,-1
2449,1906,51,-1,-1,1936,-1
2413,1873,51,-1,-1,1936,-1
2464,1920,51,-1,-1,1936,-1
2407,1868,51,-1,-1,1936,-1
2395,1860,51,-1,-1,1937,-1
2454,1912,51,-1,-1,1938,-1
2447,1905,51,-1,-1,1938,-1
2427,1885,51,-1,-1,1939,-1
2460,1918,51,-1,-1,1940,-1
2441,1897,51,-1,-1,1940,-1
2446,1901,51,-1,-1,1941,-1
2428,1885,51,-1,-1,1941,-1
2458,1916,51,-1,-1,1941,-1
2477,1932,51,-1,-1,1942,-1
2493,1941,51,-1,-1,1943,-1
2455,1912,51,-1,-1,1943,-1
2437,1893,51,-1,-1,1944,-1
2469,1923,51,-1,-1,1945,-1
2480,1934,51,-1,-1,1946,-1
2444,1898,51,-1,-1,1946,-1
2463,1920,51,-1,-1,1946,-1
2465,1921,51,-1,-1,1947,-1
2468,1922,51,-1,-1,1947,-1
2400,1863,51,-1,-1,1947,-1
2440,1897,51,-1,-1,1947,-1
2462,1918,51,-1,-1,1948,-1
2410,1871,51,-1,-1,1948,-1
2481,1935,51,-1,-1,1950,-1
2456,1915,51,-1,-1,1951,-1
2419,1880,51,-1,-1,1952,-1
2453,1911,51,-1,-1,1952,-1
2510,1951,51,-1,-1,1956,-1
2494,1941,51,-1,-1,1956,-1
2452,1910,51,-1,-1,1957,-1
2474,1932,51,-1,-1,1958,-1
2470,1927,51,-1,-1,1963,-1
2471,1928,51,-1,-1,1963,-1
2489,1939,51,-1,-1,1965,-1
2478,1933,51,-1,-1,1966,-1
2490,1940,51,-1,-1,1966,-1
2439,1895,51,-1,-1,1967,-1
2512,1952,51,-1,-1,1967,-1
2431,1886,51,-1,-1,1968,-1
2479,1933,51,-1,-1,1968,-1
2435,1893,51,-1,-1,1968,-1
2523,1967,51,-1,-1,1968,-1
2473,1931,51,-1,-1,1969,-1
2443,1897,51,-1,-1,1970,-1
2513,1956,51,-1,-1,1971,-1
2475,1932,51,-1,-1,1971,-1
2448,1906,51,-1,-1,1972,-1
2497,1943,51,-1,-1,1973,-1
2491,1940,51,-1,-1,1977,-1
2517,1963,51,-1,-1,1977,-1
2461,1918,51,-1,-1,1977,-1
2487,1938,51,-1,-1,1979,-1
2508,1948,51,-1,-1,1980,-1
2520,1966,51,-1,-1,1980,-1
2483,1936,51,-1,-1,1981,-1
2519,1965,51,-1,-1,1981,-1
2451,1909,51,-1,-1,1981,-1
2527,1968,51,-1,-1,1982,-1
2531,1971,51,-1,-1,1983,-1
2488,1938,51,-1,-1,1983,-1
2476,1932,51,-1,-1,1984,-1
2472,1930,51,-1,-1,1984,-1
2507,1948,51,-1,-1,1985,-1
2482,1936,51,-1,-1,1987,-1
2524,1968,51,-1,-1,1987,-1
2466,1921,51,-1,-1,1987,-1
2484,1936,51,-1,-1,1989,-1
2526,1968,51,-1,-1,1991,-1
2542,1981,51,-1,-1,1992,-1
2514,1956,51,-1,-1,1992,-1
2521,1966,51,-1,-1,1992,-1
2459,1917,51,-1,-1,1992,-1
2422,1881,51,-1,-1,1993,-1
2492,1941,51,-1,-1,1995,-1
2501,1946,51,-1,-1,1997,-1
2537,1979,51,-1,-1,1997,-1
2509,1950,51,-1,-1,1998,-1
2485,1936,51,-1,-1,1999,-1
